imdb_id,budget_from_api,budget_opus_data,buget_from_imdb_website
tt0118870,0,0,
tt0130297,0,0,
tt0028905,0,0,
tt0119327,0,0,
tt0119401,0,0,
tt0118811,0,0,
tt7253216,0,0,
tt0113646,0,0,
tt0111453,0,0,
tt0115801,0,0,
tt0115832,0,0,
tt0118042,0,0,
tt0118772,0,0,
tt0112907,0,0,
tt0118958,0,0,
tt0116356,0,0,
tt0113425,0,0,
tt2558318,0,0,
tt0111038,0,0,
tt0117172,0,0,
tt0082898,0,0,
tt0090927,0,0,
tt0116592,0,0,
tt0120392,0,0,
tt0118127,0,0,
tt0117351,0,0,
tt0120018,0,0,
tt0118828,0,0,
tt0117773,0,0,
tt0119429,0,0,
tt0119819,0,0,
tt0116480,0,0,
tt0112454,0,0,
tt0117898,0,0,
tt0119534,0,0,
tt0118783,0,0,
tt0118020,0,0,
tt0119623,0,0,
tt0120394,0,0,
tt0116762,0,0,
tt0119209,0,0,
tt0120748,0,0,
tt1572502,0,0,
tt0119457,0,0,
tt0120034,0,0,
tt0120123,0,0,
tt0110405,0,0,
tt0116565,0,0,
tt0122436,0,0,
tt0119052,0,0,
tt0114303,0,0,
tt0119809,0,0,
tt0116714,0,0,
tt0124777,0,0,
tt0116650,0,0,
tt0119533,0,0,
tt0118540,0,0,
tt0127497,0,0,
tt0117106,0,0,
tt0120254,0,0,
tt0118845,0,0,
tt0120539,0,0,
tt0113314,0,0,
tt0118586,0,0,
tt0116102,0,0,
tt0120303,0,0,
tt0118044,0,0,
tt0118015,0,0,
tt0120265,0,0,
tt0113223,0,0,
tt2237324,0,0,
tt0120357,0,0,
tt0120490,0,0,
tt0116783,0,0,
tt0120087,0,0,
tt0118762,0,0,
tt0120366,0,0,
tt0116308,0,0,
tt0113774,0,0,
tt0120197,0,0,
tt0116930,0,0,
tt0117050,0,0,
tt0119527,0,0,
tt0115738,0,0,
tt0120238,0,0,
tt0119467,0,0,
tt0116754,0,0,
tt0128376,0,0,
tt0116502,0,0,
tt0115886,0,0,
tt0119107,0,0,
tt0109949,0,0,
tt0120521,0,0,
tt0116293,0,0,
tt0125128,0,0,
tt0120118,0,0,
tt0116295,0,0,
tt0117359,0,0,
tt0120014,0,0,
tt0120481,0,0,
tt0119465,0,0,
tt0116041,0,0,
tt0119590,0,0,
tt0126036,0,0,
tt0114134,0,0,
tt0118818,0,0,
tt0118566,0,0,
tt0115744,0,0,
tt0119620,0,0,
tt0120151,0,0,
tt0119152,0,0,
tt0119644,0,0,
tt0120275,0,0,
tt0118764,0,0,
tt0118927,0,0,
tt0119225,0,0,
tt0116790,0,0,
tt0118760,0,0,
tt0118900,0,0,
tt0119381,0,0,
tt0119484,0,0,
tt0118663,0,0,
tt0120512,0,0,
tt0120190,0,0,
tt0119280,0,0,
tt0119115,0,0,
tt0120323,0,0,
tt0119783,0,0,
tt0099558,0,0,
tt0119509,0,0,
tt0120373,0,0,
tt0120520,0,0,
tt0119095,0,0,
tt0119086,0,0,
tt0116704,0,0,
tt2394045,0,0,
tt0120318,0,0,
tt0059793,0,0,
tt0118750,0,0,
tt0119215,0,0,
tt0119731,0,0,
tt0119848,0,0,
tt0120032,0,0,
tt0119141,0,0,
tt0120327,0,0,
tt0119051,0,0,
tt0118556,0,0,
tt0118708,0,0,
tt0119432,0,0,
tt0146664,0,0,
tt0124901,0,0,
tt0122710,0,0,
tt0162050,0,0,
tt0116833,0,0,
tt0120219,0,0,
tt0116538,0,0,
tt0169156,0,0,
tt0119547,0,0,
tt0113184,0,0,
tt0185101,0,0,
tt0119986,0,0,
tt0131110,0,0,
tt0119734,0,0,
tt0119272,0,0,
tt0116845,0,0,
tt0118727,0,0,
tt0116141,0,0,
tt0111416,0,0,
tt2497808,0,0,
tt0120162,0,0,
tt0144546,0,0,
tt0132213,0,0,
tt0039689,0,0,
tt0997263,0,0,
tt0155667,0,0,
tt0120593,0,0,
tt0188653,0,0,
tt0119837,0,0,
tt0112922,0,0,
tt0120271,0,0,
tt0196002,0,0,
tt0116488,0,0,
tt0144604,0,0,
tt0128648,0,0,
tt0301050,0,0,
tt0118980,0,0,
tt0120220,0,0,
tt0120213,0,0,
tt0120491,0,0,
tt0183065,0,0,
tt0117350,0,0,
tt0102556,0,0,
tt0144801,0,0,
tt0119007,0,0,
tt0124437,0,0,
tt0139564,0,0,
tt0118756,0,0,
tt0139951,0,0,
tt0127319,0,0,
tt0111342,0,0,
tt0118229,0,0,
tt0081163,0,0,
tt0072315,0,0,
tt0125994,0,0,
tt0120861,0,0,
tt0138493,0,0,
tt0146990,0,0,
tt0143874,0,0,
tt0119923,0,0,
tt0058536,0,0,
tt0101635,0,0,
tt0139468,0,0,
tt0120056,0,0,
tt0119952,0,0,
tt0120699,0,0,
tt0116692,0,0,
tt0125980,0,0,
tt0118662,0,0,
tt0120211,0,0,
tt0119305,0,0,
tt1580346,0,0,
tt0150230,0,0,
tt0119987,0,0,
tt0120257,0,0,
tt0119717,0,0,
tt0118539,0,0,
tt0119815,0,0,
tt0119802,0,0,
tt0119577,0,0,
tt0190798,0,0,
tt0119453,0,0,
tt0123385,0,0,
tt0126651,0,0,
tt0039383,0,0,
tt0126344,0,0,
tt0120408,0,0,
tt0138563,0,0,
tt0141986,0,0,
tt0133363,0,0,
tt0119910,0,0,
tt0119248,0,0,
tt0122082,0,0,
tt0119657,0,0,
tt0119125,0,0,
tt0119901,0,0,
tt0116481,0,0,
tt0120692,0,0,
tt0288441,0,0,
tt0127722,0,0,
tt0158539,0,0,
tt0120793,0,0,
tt0118894,0,0,
tt0120788,0,0,
tt0119791,0,0,
tt0122642,0,0,
tt0122529,0,0,
tt0140282,0,0,
tt0118819,0,0,
tt0119196,0,0,
tt0120241,0,0,
tt0208261,0,0,
tt0120835,0,0,
tt0119336,0,0,
tt0191043,0,0,
tt0118804,0,0,
tt0139362,0,0,
tt0137386,0,0,
tt0120856,0,0,
tt0120514,0,0,
tt0120823,0,0,
tt0118851,0,0,
tt0126604,0,0,
tt0120643,0,0,
tt0168808,0,0,
tt0119621,0,0,
tt0119723,0,0,
tt0120742,0,0,
tt0120687,0,0,
tt0120723,0,0,
tt0150915,0,0,
tt0142231,0,0,
tt0119891,0,0,
tt0120782,0,0,
tt0119988,0,0,
tt0120478,0,0,
tt0131857,0,0,
tt0120725,0,0,
tt0120765,0,0,
tt0124595,0,0,
tt0158493,0,0,
tt0120901,0,0,
tt0123324,0,0,
tt0120610,0,0,
tt0120820,0,0,
tt0155478,0,0,
tt0120576,0,0,
tt0120773,0,0,
tt0125454,0,0,
tt0123987,0,0,
tt0120789,0,0,
tt0120783,0,0,
tt0145921,0,0,
tt0163862,0,0,
tt0149357,0,0,
tt0119920,0,0,
tt0201290,0,0,
tt0235413,0,0,
tt0188757,0,0,
tt0186683,0,0,
tt0113658,0,0,
tt0169299,0,0,
tt0153755,0,0,
tt0185711,0,0,
tt0150574,0,0,
tt0148462,0,0,
tt0165874,0,0,
tt0171340,0,0,
tt0147856,0,0,
tt0120628,0,0,
tt0144608,0,0,
tt0111165,0,0,
tt0157075,0,0,
tt0118150,0,0,
tt0053666,0,0,
tt0182992,0,0,
tt5450616,0,0,
tt0115164,0,0,
tt0119614,0,0,
tt0116192,0,0,
tt0073407,0,0,
tt0126612,0,0,
tt0133170,0,0,
tt0134645,0,0,
tt0120680,0,0,
tt0214150,0,0,
tt0142393,0,0,
tt0123923,0,0,
tt0117365,0,0,
tt0120113,0,0,
tt0133122,0,0,
tt0181786,0,0,
tt0120584,0,0,
tt0133412,0,0,
tt0168950,0,0,
tt0124555,0,0,
tt0141105,0,0,
tt0114086,0,0,
tt0119828,0,0,
tt0175159,0,0,
tt0120594,0,0,
tt0178988,0,0,
tt0168740,0,0,
tt0184510,0,0,
tt0164221,0,0,
tt0175777,0,0,
tt0181733,0,0,
tt0217119,0,0,
tt0176415,0,0,
tt0127288,0,0,
tt0244794,0,0,
tt0195909,0,0,
tt0119207,0,0,
tt0157016,0,0,
tt0160672,0,0,
tt0118834,0,0,
tt0217351,0,0,
tt0139394,0,0,
tt0262774,0,0,
tt0167925,0,0,
tt0155796,0,0,
tt0192194,0,0,
tt0120848,0,0,
tt0037428,0,0,
tt0168449,0,0,
tt0143261,0,0,
tt0138279,0,0,
tt4876734,0,0,
tt4268796,0,0,
tt0204471,0,0,
tt0076792,0,0,
tt0126810,0,0,
tt0142215,0,0,
tt0160509,0,0,
tt0119773,0,0,
tt0122515,0,0,
tt0196596,0,0,
tt6204018,0,0,
tt0152015,0,0,
tt0166090,0,0,
tt0120659,0,0,
tt0181810,0,0,
tt0168589,0,0,
tt0175550,0,0,
tt0129884,0,0,
tt0141974,0,0,
tt0138590,0,0,
tt0200071,0,0,
tt0187712,0,0,
tt0127296,0,0,
tt0216707,0,0,
tt0168172,0,0,
tt0133189,0,0,
tt0164312,0,0,
tt0119665,0,0,
tt0154591,0,0,
tt0167926,0,0,
tt0157183,0,0,
tt0151691,0,0,
tt0118843,0,0,
tt0151582,0,0,
tt0138487,0,0,
tt0200087,0,0,
tt0119743,0,0,
tt0159696,0,0,
tt0119586,0,0,
tt0225515,0,0,
tt0180793,0,0,
tt0134033,0,0,
tt0149151,0,0,
tt0128133,0,0,
tt0168794,0,0,
tt0211934,0,0,
tt0160513,0,0,
tt0200849,0,0,
tt0120899,0,0,
tt0155722,0,0,
tt0172627,0,0,
tt0174268,0,0,
tt0207363,0,0,
tt0171685,0,0,
tt0115005,0,0,
tt0340380,0,0,
tt0120865,0,0,
tt0219374,0,0,
tt0115669,0,0,
tt0169145,0,0,
tt2385764,0,0,
tt0181288,0,0,
tt0162866,0,0,
tt0194314,0,0,
tt0133385,0,0,
tt0152836,0,0,
tt0216817,0,0,
tt0168987,0,0,
tt0379948,0,0,
tt0138874,0,0,
tt0137439,0,0,
tt0169388,0,0,
tt0210727,0,0,
tt0120866,0,0,
tt0180668,0,0,
tt0157208,0,0,
tt0144715,0,0,
tt0187859,0,0,
tt0165859,0,0,
tt0155388,0,0,
tt0158371,0,0,
tt0178737,0,0,
tt0182914,0,0,
tt0115693,0,0,
tt0139668,0,0,
tt0186508,0,0,
tt2242910,0,0,
tt0132477,0,0,
tt0159423,0,0,
tt0093120,0,0,
tt0243604,0,0,
tt0238639,0,0,
tt0201584,0,0,
tt0227963,0,0,
tt0176825,0,0,
tt0126240,0,0,
tt0236702,0,0,
tt0186397,0,0,
tt0171135,0,0,
tt0237865,0,0,
tt0119472,0,0,
tt0261199,0,0,
tt0246593,0,0,
tt1542485,0,0,
tt0211344,0,0,
tt6251666,0,0,
tt0168475,0,0,
tt0144688,0,0,
tt0154352,0,0,
tt0156245,0,0,
tt0201538,0,0,
tt0170452,0,0,
tt0192069,0,0,
tt1043429,0,0,
tt0189916,0,0,
tt0221023,0,0,
tt0162909,0,0,
tt0119866,0,0,
tt0264666,0,0,
tt0228992,0,0,
tt0176426,0,0,
tt0150143,0,0,
tt6066280,0,0,
tt0146516,0,0,
tt0168899,0,0,
tt0186730,0,0,
tt0214959,0,0,
tt0177394,0,0,
tt0180181,0,0,
tt0204414,0,0,
tt0148421,0,0,
tt0255195,0,0,
tt0141657,0,0,
tt0157182,0,0,
tt0219210,0,0,
tt0158440,0,0,
tt0210584,0,0,
tt0120894,0,0,
tt0168912,0,0,
tt0202077,0,0,
tt0024844,0,0,
tt0179473,0,0,
tt0197384,0,0,
tt0255305,0,0,
tt0211714,0,0,
tt0147192,0,0,
tt0181547,0,0,
tt0197311,0,0,
tt0218433,0,0,
tt0202831,0,0,
tt0008112,0,0,
tt0233315,0,0,
tt0255309,0,0,
tt0184115,0,0,
tt0226430,0,0,
tt0214557,0,0,
tt0150338,0,0,
tt0148841,0,0,
tt0179063,0,0,
tt0204137,0,0,
tt2082496,0,0,
tt0222293,0,0,
tt0211219,0,0,
tt0236447,0,0,
tt0255111,0,0,
tt0190861,0,0,
tt0205735,0,0,
tt0166695,0,0,
tt0177068,0,0,
tt0119842,0,0,
tt0189475,0,0,
tt0181627,0,0,
tt0156757,0,0,
tt0192745,0,0,
tt0174885,0,0,
tt0161216,0,0,
tt0244528,0,0,
tt0192949,0,0,
tt0207998,0,0,
tt0220596,0,0,
tt0264802,0,0,
tt0196699,0,0,
tt0211387,0,0,
tt0251433,0,0,
tt0236576,0,0,
tt0226190,0,0,
tt0217019,0,0,
tt0173910,0,0,
tt0156096,0,0,
tt0218379,0,0,
tt0197569,0,0,
tt3026144,0,0,
tt2930668,0,0,
tt0236638,0,0,
tt0191610,0,0,
tt0230591,0,0,
tt0188694,0,0,
tt0260775,0,0,
tt0271748,0,0,
tt0199683,0,0,
tt0245825,0,0,
tt0230055,0,0,
tt0165986,0,0,
tt0110588,0,0,
tt0146562,0,0,
tt0232079,0,0,
tt0236008,0,0,
tt0218112,0,0,
tt0209463,0,0,
tt0159272,0,0,
tt0209933,0,0,
tt0179074,0,0,
tt0162711,0,0,
tt0159373,0,0,
tt0181830,0,0,
tt0214730,0,0,
tt0120522,0,0,
tt0211286,0,0,
tt0234837,0,0,
tt0260332,0,0,
tt0204709,0,0,
tt0031829,0,0,
tt0250774,0,0,
tt0168515,0,0,
tt0250415,0,0,
tt0162023,0,0,
tt0249380,0,0,
tt0154443,0,0,
tt0224578,0,0,
tt0189142,0,0,
tt0181618,0,0,
tt0248912,0,0,
tt0174330,0,0,
tt0215850,0,0,
tt0234137,0,0,
tt0104835,0,0,
tt0138681,0,0,
tt0209189,0,0,
tt0250690,0,0,
tt0236216,0,0,
tt0259072,0,0,
tt0210717,0,0,
tt0183869,0,0,
tt0189630,0,0,
tt0176422,0,0,
tt0160644,0,0,
tt0213121,0,0,
tt0245837,0,0,
tt0202641,0,0,
tt0233687,0,0,
tt0213890,0,0,
tt0119512,0,0,
tt0244316,0,0,
tt0251739,0,0,
tt1145144,0,0,
tt0196106,0,0,
tt0162903,0,0,
tt0172632,0,0,
tt0210075,0,0,
tt0197096,0,0,
tt0043588,0,0,
tt0211103,0,0,
tt0180837,0,0,
tt0264578,0,0,
tt1930463,0,0,
tt0213847,0,0,
tt0153464,0,0,
tt0234853,0,0,
tt0149367,0,0,
tt0243493,0,0,
tt0159382,0,0,
tt0247196,0,0,
tt0238829,0,0,
tt0213749,0,0,
tt0236000,0,0,
tt0230631,0,0,
tt0217978,0,0,
tt3187040,0,0,
tt0199727,0,0,
tt0219327,0,0,
tt0200486,0,0,
tt0220806,0,0,
tt0220760,0,0,
tt0228242,0,0,
tt0244684,0,0,
tt0287644,0,0,
tt0245540,0,0,
tt0210149,0,0,
tt0274622,0,0,
tt0243595,0,0,
tt0233427,0,0,
tt0238066,0,0,
tt0173772,0,0,
tt0161109,0,0,
tt0261900,0,0,
tt0234988,0,0,
tt0091251,0,0,
tt0264605,0,0,
tt0279231,0,0,
tt0217811,0,0,
tt0162024,0,0,
tt0230169,0,0,
tt0227458,0,0,
tt0216911,0,0,
tt0170259,0,0,
tt0236034,0,0,
tt0242627,0,0,
tt0204527,0,0,
tt0184819,0,0,
tt0135024,0,0,
tt0243483,0,0,
tt0212772,0,0,
tt0186549,0,0,
tt0120202,0,0,
tt0259981,0,0,
tt0176774,0,0,
tt6515420,0,0,
tt0267344,0,0,
tt0164917,0,0,
tt0107401,0,0,
tt0239695,0,0,
tt0158033,0,0,
tt0253063,0,0,
tt0246870,0,0,
tt0109479,0,0,
tt0276951,0,0,
tt0262210,0,0,
tt0219519,0,0,
tt0214878,0,0,
tt0251191,0,0,
tt0230783,0,0,
tt0243759,0,0,
tt0120352,0,0,
tt0161977,0,0,
tt0177749,0,0,
tt0213446,0,0,
tt0259442,0,0,
tt0262826,0,0,
tt0279083,0,0,
tt0075824,0,0,
tt0120263,0,0,
tt0217355,0,0,
tt0291003,0,0,
tt0202642,0,0,
tt0209037,0,0,
tt0244709,0,0,
tt0262076,0,0,
tt0278522,0,0,
tt0204700,0,0,
tt0252510,0,0,
tt0193253,0,0,
tt0236019,0,0,
tt0216625,0,0,
tt0240419,0,0,
tt0208911,0,0,
tt0235198,0,0,
tt0249893,0,0,
tt0263957,0,0,
tt0290823,0,0,
tt0233841,0,0,
tt0215139,0,0,
tt7469978,0,0,
tt0238588,0,0,
tt0199314,0,0,
tt0270971,0,0,
tt0206367,0,0,
tt0251031,0,0,
tt0276860,0,0,
tt0232611,0,0,
tt0240149,0,0,
tt0273300,0,0,
tt0206742,0,0,
tt0256341,0,0,
tt1104806,0,0,
tt0160403,0,0,
tt0227277,0,0,
tt0273253,0,0,
tt6137622,0,0,
tt0234407,0,0,
tt0284262,0,0,
tt0284067,0,0,
tt0261066,0,0,
tt0245238,0,0,
tt0242795,0,0,
tt0206187,0,0,
tt0265212,0,0,
tt0250478,0,0,
tt0293342,0,0,
tt0212827,0,0,
tt0242252,0,0,
tt0232083,0,0,
tt0178642,0,0,
tt0212815,0,0,
tt0250809,0,0,
tt0256103,0,0,
tt0245115,0,0,
tt4419500,0,0,
tt0206963,0,0,
tt0216787,0,0,
tt0212380,0,0,
tt0237994,0,0,
tt0248617,0,0,
tt0245046,0,0,
tt0246765,0,0,
tt0249371,0,0,
tt0243255,0,0,
tt0208196,0,0,
tt0022873,0,0,
tt0278102,0,0,
tt0221073,0,0,
tt0221799,0,0,
tt0203632,0,0,
tt0112651,0,0,
tt0242994,0,0,
tt0238015,0,0,
tt0275277,0,0,
tt0250202,0,0,
tt0245891,0,0,
tt0211492,0,0,
tt0204640,0,0,
tt0275560,0,0,
tt0212826,0,0,
tt0234805,0,0,
tt6073552,0,0,
tt0283431,0,0,
tt0203540,0,0,
tt0240913,0,0,
tt0240402,0,0,
tt0255321,0,0,
tt0262462,0,0,
tt0206917,0,0,
tt0256408,0,0,
tt0180679,0,0,
tt0243017,0,0,
tt0216800,0,0,
tt0259393,0,0,
tt0255653,0,0,
tt0254099,0,0,
tt0237539,0,0,
tt0255055,0,0,
tt0206926,0,0,
tt0203755,0,0,
tt0118694,0,0,
tt0205873,0,0,
tt0280105,0,0,
tt0248126,0,0,
tt0000091,0,0,
tt2369317,0,0,
tt3033948,0,0,
tt0208348,0,0,
tt0322674,0,0,
tt0303282,0,0,
tt0099615,0,0,
tt0276607,0,0,
tt0219756,0,0,
tt0298071,0,0,
tt0271885,0,0,
tt0082445,0,0,
tt0268877,0,0,
tt1763288,0,0,
tt0275170,0,0,
tt0220514,0,0,
tt0280674,0,0,
tt0273851,0,0,
tt0219338,0,0,
tt0058700,0,0,
tt0279750,0,0,
tt0290858,0,0,
tt0071487,0,0,
tt0292501,0,0,
tt1193096,0,0,
tt0207198,0,0,
tt0289074,0,0,
tt0281534,0,0,
tt0183056,0,0,
tt0296658,0,0,
tt0245317,0,0,
tt0290010,0,0,
tt0194710,0,0,
tt0236474,0,0,
tt0272730,0,0,
tt0274868,0,0,
tt0303396,0,0,
tt0209055,0,0,
tt0337585,0,0,
tt0259744,0,0,
tt0250617,0,0,
tt0235553,0,0,
tt0264013,0,0,
tt0298238,0,0,
tt0218581,0,0,
tt0245929,0,0,
tt0072913,0,0,
tt5022702,0,0,
tt0246266,0,0,
tt0244476,0,0,
tt0297721,0,0,
tt0326722,0,0,
tt0269461,0,0,
tt0194138,0,0,
tt0317521,0,0,
tt0257215,0,0,
tt0250282,0,0,
tt0191074,0,0,
tt0210065,0,0,
tt0220627,0,0,
tt0309061,0,0,
tt0188128,0,0,
tt0177746,0,0,
tt0201899,0,0,
tt0304678,0,0,
tt0332831,0,0,
tt0309600,0,0,
tt0260713,0,0,
tt0238321,0,0,
tt0207524,0,0,
tt0303356,0,0,
tt0283991,0,0,
tt0081235,0,0,
tt0226935,0,0,
tt0248190,0,0,
tt0289054,0,0,
tt0245479,0,0,
tt0287986,0,0,
tt0160905,0,0,
tt0275688,0,0,
tt0239507,0,0,
tt0210357,0,0,
tt3384118,0,0,
tt0221838,0,0,
tt0260695,0,0,
tt0262911,0,0,
tt0337632,0,0,
tt0275067,0,0,
tt0260746,0,0,
tt0292066,0,0,
tt1267319,0,0,
tt0280424,0,0,
tt0283422,0,0,
tt0239381,0,0,
tt0264355,0,0,
tt0184719,0,0,
tt1313145,0,0,
tt0234940,0,0,
tt0268696,0,0,
tt0256259,0,0,
tt0230025,0,0,
tt0268219,0,0,
tt1992236,0,0,
tt0280438,0,0,
tt0029453,0,0,
tt0303326,0,0,
tt0298798,0,0,
tt0304857,0,0,
tt0295633,0,0,
tt0269746,0,0,
tt0303321,0,0,
tt0216578,0,0,
tt0300453,0,0,
tt0216689,0,0,
tt6089564,0,0,
tt0111212,0,0,
tt2173244,0,0,
tt0229002,0,0,
tt0181912,0,0,
tt0246500,0,0,
tt0219400,0,0,
tt0272736,0,0,
tt0373704,0,0,
tt0338357,0,0,
tt0273607,0,0,
tt0263725,0,0,
tt0220580,0,0,
tt0265591,0,0,
tt0330843,0,0,
tt0239234,0,0,
tt0265713,0,0,
tt0325033,0,0,
tt0282771,0,0,
tt0254199,0,0,
tt5610554,0,0,
tt0327920,0,0,
tt0253840,0,0,
tt0248169,0,0,
tt0252480,0,0,
tt0326306,0,0,
tt0292542,0,0,
tt0318068,0,0,
tt0295238,0,0,
tt0294662,0,0,
tt0269499,0,0,
tt2093977,0,0,
tt0265307,0,0,
tt0287471,0,0,
tt0314725,0,0,
tt0299117,0,0,
tt0216799,0,0,
tt0250081,0,0,
tt0303785,0,0,
tt0301893,0,0,
tt0457270,0,0,
tt0254455,0,0,
tt0328962,0,0,
tt0259484,0,0,
tt0318034,0,0,
tt0307385,0,0,
tt0274309,0,0,
tt0246772,0,0,
tt0298856,0,0,
tt0243862,0,0,
tt0270707,0,0,
tt0221013,0,0,
tt0258153,0,0,
tt0208990,0,0,
tt0157583,0,0,
tt0292631,0,0,
tt0135640,0,0,
tt0317874,0,0,
tt0271263,0,0,
tt0353164,0,0,
tt0287635,0,0,
tt0287467,0,0,
tt0302640,0,0,
tt0323642,0,0,
tt0292907,0,0,
tt0337662,0,0,
tt0312848,0,0,
tt0311412,0,0,
tt0259054,0,0,
tt0309326,0,0,
tt0186654,0,0,
tt0264689,0,0,
tt0303392,0,0,
tt0235412,0,0,
tt0191211,0,0,
tt0323633,0,0,
tt0285280,0,0,
tt0284203,0,0,
tt0308363,0,0,
tt0271809,0,0,
tt0315850,0,0,
tt0302309,0,0,
tt0317950,0,0,
tt0368310,0,0,
tt0304267,0,0,
tt0305229,0,0,
tt0275182,0,0,
tt0318025,0,0,
tt0354696,0,0,
tt2883352,0,0,
tt0281724,0,0,
tt5651458,0,0,
tt0282718,0,0,
tt7365604,0,0,
tt0284850,0,0,
tt5776928,0,0,
tt0283283,0,0,
tt0355857,0,0,
tt0280696,0,0,
tt0350193,0,0,
tt0271337,0,0,
tt0336910,0,0,
tt2569236,0,0,
tt0296621,0,0,
tt0271395,0,0,
tt0250125,0,0,
tt0270688,0,0,
tt0084628,0,0,
tt0337961,0,0,
tt0287364,0,0,
tt0305568,0,0,
tt0342275,0,0,
tt0206762,0,0,
tt0098308,0,0,
tt0342804,0,0,
tt0263671,0,0,
tt0458438,0,0,
tt0317052,0,0,
tt0283469,0,0,
tt0230098,0,0,
tt0245157,0,0,
tt4653186,0,0,
tt0369295,0,0,
tt0289229,0,0,
tt0368745,0,0,
tt0293685,0,0,
tt0044741,0,0,
tt0300069,0,0,
tt0308672,0,0,
tt0307351,0,0,
tt0317234,0,0,
tt0330775,0,0,
tt0342300,0,0,
tt0332701,0,0,
tt0343172,0,0,
tt0310149,0,0,
tt0339579,0,0,
tt0380275,0,0,
tt0246592,0,0,
tt0290249,0,0,
tt0277622,0,0,
tt5710514,0,0,
tt0252684,0,0,
tt0300620,0,0,
tt0306228,0,0,
tt0286476,0,0,
tt0334416,0,0,
tt0314006,0,0,
tt0245573,0,0,
tt0046451,0,0,
tt0314062,0,0,
tt0301524,0,0,
tt0046521,0,0,
tt0252225,0,0,
tt0240980,0,0,
tt0284478,0,0,
tt0292527,0,0,
tt0271211,0,0,
tt0354538,0,0,
tt0315543,0,0,
tt0293624,0,0,
tt0317226,0,0,
tt0339071,0,0,
tt0342508,0,0,
tt0363510,0,0,
tt0379713,0,0,
tt0314871,0,0,
tt0251777,0,0,
tt0304081,0,0,
tt0325360,0,0,
tt0329485,0,0,
tt0340468,0,0,
tt0369637,0,0,
tt0379593,0,0,
tt0352332,0,0,
tt0324080,0,0,
tt0354575,0,0,
tt0064609,0,0,
tt0334754,0,0,
tt0371583,0,0,
tt0315426,0,0,
tt0331851,0,0,
tt0313670,0,0,
tt0348656,0,0,
tt1706700,0,0,
tt0256359,0,0,
tt0322023,0,0,
tt0276276,0,0,
tt0330217,0,0,
tt0372763,0,0,
tt0053228,0,0,
tt0387032,0,0,
tt0311320,0,0,
tt0280490,0,0,
tt0317887,0,0,
tt0196708,0,0,
tt0168856,0,0,
tt0303297,0,0,
tt0303830,0,0,
tt0309372,0,0,
tt0321781,0,0,
tt0285879,0,0,
tt0343168,0,0,
tt0284034,0,0,
tt0373389,0,0,
tt1381407,0,0,
tt0079075,0,0,
tt0283883,0,0,
tt0347791,0,0,
tt0379298,0,0,
tt0311519,0,0,
tt0337578,0,0,
tt0291579,0,0,
tt0260414,0,0,
tt0308878,0,0,
tt0301684,0,0,
tt0332639,0,0,
tt0265148,0,0,
tt0283897,0,0,
tt0367960,0,0,
tt0254481,0,0,
tt0328802,0,0,
tt0380585,0,0,
tt0279977,0,0,
tt0118926,0,0,
tt0323872,0,0,
tt0308514,0,0,
tt0301414,0,0,
tt0373175,0,0,
tt0314630,0,0,
tt0319237,0,0,
tt0308508,0,0,
tt0342172,0,0,
tt0298408,0,0,
tt0304229,0,0,
tt0338077,0,0,
tt0317910,0,0,
tt0300015,0,0,
tt0286516,0,0,
tt0311110,0,0,
tt0318850,0,0,
tt0347304,0,0,
tt0306734,0,0,
tt0347048,0,0,
tt0301181,0,0,
tt0264150,0,0,
tt0331468,0,0,
tt0337592,0,0,
tt0314786,0,0,
tt0318411,0,0,
tt0298845,0,0,
tt0404286,0,0,
tt0271668,0,0,
tt0292506,0,0,
tt0376649,0,0,
tt0423325,0,0,
tt0373941,0,0,
tt0292886,0,0,
tt0304790,0,0,
tt0396962,0,0,
tt0399445,0,0,
tt0325015,0,0,
tt0378378,0,0,
tt0307913,0,0,
tt0342428,0,0,
tt0342492,0,0,
tt1887655,0,0,
tt0358079,0,0,
tt0360025,0,0,
tt0107411,0,0,
tt0291320,0,0,
tt0333089,0,0,
tt1130969,0,0,
tt0048983,0,0,
tt0092906,0,0,
tt0303348,0,0,
tt0051634,0,0,
tt0408338,0,0,
tt0365296,0,0,
tt0273689,0,0,
tt0328077,0,0,
tt0960097,0,0,
tt0331525,0,0,
tt0297753,0,0,
tt0329030,0,0,
tt2585068,0,0,
tt0350232,0,0,
tt0326988,0,0,
tt0333847,0,0,
tt0262424,0,0,
tt0326976,0,0,
tt0118840,0,0,
tt0114230,0,0,
tt0304391,0,0,
tt0309725,0,0,
tt0401581,0,0,
tt0246404,0,0,
tt0344337,0,0,
tt0327594,0,0,
tt0400761,0,0,
tt0325030,0,0,
tt0363290,0,0,
tt0024697,0,0,
tt0376588,0,0,
tt0396240,0,0,
tt0410407,0,0,
tt0368580,0,0,
tt0338249,0,0,
tt0364093,0,0,
tt0351770,0,0,
tt0284880,0,0,
tt0400446,0,0,
tt0346800,0,0,
tt0418484,0,0,
tt3476480,0,0,
tt0380366,0,0,
tt0251110,0,0,
tt0390418,0,0,
tt0345549,0,0,
tt1308134,0,0,
tt0348529,0,0,
tt0335351,0,0,
tt0021577,0,0,
tt0326148,0,0,
tt0360216,0,0,
tt0377556,0,0,
tt0337868,0,0,
tt0410818,0,0,
tt5503786,0,0,
tt0358647,0,0,
tt0233230,0,0,
tt0286594,0,0,
tt0343107,0,0,
tt0335126,0,0,
tt0311943,0,0,
tt0308488,0,0,
tt0367097,0,0,
tt0358590,0,0,
tt0349079,0,0,
tt0402141,0,0,
tt0348354,0,0,
tt0398103,0,0,
tt0212132,0,0,
tt0361668,0,0,
tt1887814,0,0,
tt0303917,0,0,
tt0351461,0,0,
tt0307568,0,0,
tt0380689,0,0,
tt0379577,0,0,
tt0365376,0,0,
tt0365411,0,0,
tt0366943,0,0,
tt0109306,0,0,
tt0333645,0,0,
tt0390632,0,0,
tt0372806,0,0,
tt0285052,0,0,
tt0306597,0,0,
tt0374783,0,0,
tt0315110,0,0,
tt0306432,0,0,
tt0362129,0,0,
tt0369060,0,0,
tt0422950,0,0,
tt0281176,0,0,
tt0361625,0,0,
tt0162662,0,0,
tt0398835,0,0,
tt0359045,0,0,
tt0884842,0,0,
tt0318780,0,0,
tt0437238,0,0,
tt0156740,0,0,
tt0364930,0,0,
tt0360130,0,0,
tt0318725,0,0,
tt0301777,0,0,
tt0380485,0,0,
tt0337631,0,0,
tt0354243,0,0,
tt0391892,0,0,
tt0387155,0,0,
tt0325234,0,0,
tt0337960,0,0,
tt0396271,0,0,
tt0072107,0,0,
tt0403910,0,0,
tt0383475,0,0,
tt0378867,0,0,
tt0388495,0,0,
tt0384810,0,0,
tt0337721,0,0,
tt0396705,0,0,
tt0377071,0,0,
tt0210916,0,0,
tt0305178,0,0,
tt0329767,0,0,
tt0414834,0,0,
tt0353818,0,0,
tt0379307,0,0,
tt0408261,0,0,
tt0377031,0,0,
tt0230512,0,0,
tt0296915,0,0,
tt0327919,0,0,
tt0360845,0,0,
tt0326208,0,0,
tt0382561,0,0,
tt0406977,0,0,
tt0342150,0,0,
tt0381006,0,0,
tt0371280,0,0,
tt0288330,0,0,
tt0301976,0,0,
tt0336264,0,0,
tt0375735,0,0,
tt0367790,0,0,
tt0339147,0,0,
tt0268040,0,0,
tt0391225,0,0,
tt0368711,0,0,
tt0403893,0,0,
tt0390123,0,0,
tt0079915,0,0,
tt0418038,0,0,
tt0319531,0,0,
tt0366532,0,0,
tt0160398,0,0,
tt0388888,0,0,
tt0347332,0,0,
tt0374277,0,0,
tt0317842,0,0,
tt0388473,0,0,
tt0407263,0,0,
tt0366996,0,0,
tt0376717,0,0,
tt0368658,0,0,
tt0112313,0,0,
tt0418362,0,0,
tt0386669,0,0,
tt0369672,0,0,
tt0376890,0,0,
tt0347246,0,0,
tt0373788,0,0,
tt0330686,0,0,
tt0364961,0,0,
tt0326036,0,0,
tt0385878,0,0,
tt0372279,0,0,
tt0374330,0,0,
tt0361127,0,0,
tt0326977,0,0,
tt0347473,0,0,
tt0387412,0,0,
tt0092090,0,0,
tt0385635,0,0,
tt0391024,0,0,
tt0398872,0,0,
tt0338097,0,0,
tt0379217,0,0,
tt0315273,0,0,
tt0373861,0,0,
tt0381487,0,0,
tt0379225,0,0,
tt0337930,0,0,
tt0274407,0,0,
tt0298131,0,0,
tt0348593,0,0,
tt0277941,0,0,
tt0374546,0,0,
tt0388242,0,0,
tt0363532,0,0,
tt0331952,0,0,
tt1606382,0,0,
tt0364517,0,0,
tt0329388,0,0,
tt0377744,0,0,
tt0314498,0,0,
tt0352343,0,0,
tt0353774,0,0,
tt0363226,0,0,
tt0382330,0,0,
tt0318462,0,0,
tt0451021,0,0,
tt0370531,0,0,
tt0383460,0,0,
tt0308281,0,0,
tt0475333,0,0,
tt0421250,0,0,
tt1766204,0,0,
tt0070488,0,0,
tt0372401,0,0,
tt0412042,0,0,
tt0271537,0,0,
tt0464216,0,0,
tt0428672,0,0,
tt0404551,0,0,
tt0381682,0,0,
tt0444698,0,0,
tt0383648,0,0,
tt0278017,0,0,
tt0458425,0,0,
tt0424189,0,0,
tt0338001,0,0,
tt0342916,0,0,
tt0387549,0,0,
tt0451070,0,0,
tt0106676,0,0,
tt0448435,0,0,
tt0433635,0,0,
tt0490079,0,0,
tt0424273,0,0,
tt0452659,0,0,
tt0338977,0,0,
tt0424584,0,0,
tt0187387,0,0,
tt0396818,0,0,
tt0445396,0,0,
tt0377569,0,0,
tt0430063,0,0,
tt0439833,0,0,
tt1333591,0,0,
tt0300922,0,0,
tt0398982,0,0,
tt0420356,0,0,
tt0337728,0,0,
tt0390080,0,0,
tt2848876,0,0,
tt0114941,0,0,
tt0420627,0,0,
tt0468528,0,0,
tt0388201,0,0,
tt0424272,0,0,
tt0287457,0,0,
tt0379402,0,0,
tt0285727,0,0,
tt0430289,0,0,
tt0457452,0,0,
tt0456549,0,0,
tt0478338,0,0,
tt0453508,0,0,
tt0443691,0,0,
tt0434179,0,0,
tt0399465,0,0,
tt0315459,0,0,
tt0108334,0,0,
tt0411883,0,0,
tt0064169,0,0,
tt0341573,0,0,
tt0447016,0,0,
tt0367859,0,0,
tt0366721,0,0,
tt0398830,0,0,
tt0412919,0,0,
tt0302297,0,0,
tt0416220,0,0,
tt0448978,0,0,
tt0405271,0,0,
tt0374036,0,0,
tt0382691,0,0,
tt0436262,0,0,
tt0327643,0,0,
tt0330080,0,0,
tt0308595,0,0,
tt0420952,0,0,
tt0462333,0,0,
tt0317965,0,0,
tt0361498,0,0,
tt0456012,0,0,
tt0339638,0,0,
tt0451631,0,0,
tt0443698,0,0,
tt0381668,0,0,
tt0326664,0,0,
tt0458375,0,0,
tt0452711,0,0,
tt0337879,0,0,
tt0286751,0,0,
tt0325478,0,0,
tt0076670,0,0,
tt0402417,0,0,
tt0377088,0,0,
tt1133594,0,0,
tt0424435,0,0,
tt0381392,0,0,
tt0398963,0,0,
tt0409838,0,0,
tt0185390,0,0,
tt0414344,0,0,
tt0402406,0,0,
tt0439817,0,0,
tt0389361,0,0,
tt0362506,0,0,
tt0427276,0,0,
tt0416331,0,0,
tt0461209,0,0,
tt0308772,0,0,
tt0291988,0,0,
tt0436039,0,0,
tt0406038,0,0,
tt0396223,0,0,
tt0424237,0,0,
tt0420260,0,0,
tt0401248,0,0,
tt0423853,0,0,
tt0401591,0,0,
tt0380538,0,0,
tt0984155,0,0,
tt0396690,0,0,
tt0419766,0,0,
tt0407732,0,0,
tt2033933,0,0,
tt0054098,0,0,
tt0327210,0,0,
tt0408777,0,0,
tt0424509,0,0,
tt0420251,0,0,
tt0436686,0,0,
tt0401244,0,0,
tt0356159,0,0,
tt0424024,0,0,
tt0457875,0,0,
tt0407031,0,0,
tt0294806,0,0,
tt0398971,0,0,
tt0436629,0,0,
tt0423866,0,0,
tt0105100,0,0,
tt0405461,0,0,
tt0455953,0,0,
tt0376007,0,0,
tt0344273,0,0,
tt0366287,0,0,
tt0382621,0,0,
tt0381505,0,0,
tt0420291,0,0,
tt0407536,0,0,
tt0365938,0,0,
tt0444608,0,0,
tt0374345,0,0,
tt0449389,0,0,
tt0415908,0,0,
tt0384929,0,0,
tt0444781,0,0,
tt0423310,0,0,
tt0412922,0,0,
tt0192766,0,0,
tt0439707,0,0,
tt0363472,0,0,
tt0408961,0,0,
tt0348505,0,0,
tt0362004,0,0,
tt0424129,0,0,
tt0386423,0,0,
tt0451833,0,0,
tt0389828,0,0,
tt0455475,0,0,
tt0059893,0,0,
tt0429177,0,0,
tt0411195,0,0,
tt0273108,0,0,
tt0299478,0,0,
tt0369053,0,0,
tt0424227,0,0,
tt0436095,0,0,
tt0332285,0,0,
tt0422528,0,0,
tt0326835,0,0,
tt0426155,0,0,
tt0451850,0,0,
tt0361693,0,0,
tt0417791,0,0,
tt0343663,0,0,
tt0371939,0,0,
tt0403537,0,0,
tt0428003,0,0,
tt0366137,0,0,
tt0374583,0,0,
tt0379918,0,0,
tt0403217,0,0,
tt0420304,0,0,
tt0370986,0,0,
tt0142634,0,0,
tt0339806,0,0,
tt0073177,0,0,
tt0346336,0,0,
tt0411674,0,0,
tt0424565,0,0,
tt0213524,0,0,
tt0445620,0,0,
tt0388395,0,0,
tt0385002,0,0,
tt0427312,0,0,
tt1016268,0,0,
tt0291032,0,0,
tt0436078,0,0,
tt0387914,0,0,
tt0354356,0,0,
tt0448206,0,0,
tt0344604,0,0,
tt0400525,0,0,
tt0426615,0,0,
tt2846600,0,0,
tt0366777,0,0,
tt0417415,0,0,
tt0451069,0,0,
tt0377084,0,0,
tt7086706,0,0,
tt0378947,0,0,
tt0457528,0,0,
tt0402894,0,0,
tt0401623,0,0,
tt0433400,0,0,
tt0387514,0,0,
tt0388125,0,0,
tt0821462,0,0,
tt0478213,0,0,
tt6271806,0,0,
tt0119002,0,0,
tt0495103,0,0,
tt0397477,0,0,
tt0829124,0,0,
tt0385057,0,0,
tt0463903,0,0,
tt0396587,0,0,
tt0059448,0,0,
tt0402743,0,0,
tt0418206,0,0,
tt0429173,0,0,
tt0386757,0,0,
tt0478331,0,0,
tt0439467,0,0,
tt5219972,0,0,
tt0479409,0,0,
tt0436569,0,0,
tt0407621,0,0,
tt0389738,0,0,
tt0466664,0,0,
tt0428196,0,0,
tt0466403,0,0,
tt0464061,0,0,
tt0100602,0,0,
tt1172068,0,0,
tt0419081,0,0,
tt0376827,0,0,
tt0086850,0,0,
tt0451200,0,0,
tt0473174,0,0,
tt0452604,0,0,
tt0401593,0,0,
tt0064806,0,0,
tt0436295,0,0,
tt0457496,0,0,
tt0429482,0,0,
tt0455581,0,0,
tt0433405,0,0,
tt6461980,0,0,
tt0472175,0,0,
tt0417614,0,0,
tt0468580,0,0,
tt0421528,0,0,
tt0817498,0,0,
tt0449121,0,0,
tt0348847,0,0,
tt0388118,0,0,
tt0407926,0,0,
tt0284971,0,0,
tt2763308,0,0,
tt0420550,0,0,
tt0905360,0,0,
tt0359254,0,0,
tt0379184,0,0,
tt0432337,0,0,
tt0489707,0,0,
tt0468463,0,0,
tt0197633,0,0,
tt0410730,0,0,
tt0403692,0,0,
tt0407551,0,0,
tt0800081,0,0,
tt0452660,0,0,
tt0487092,0,0,
tt0441001,0,0,
tt0406214,0,0,
tt0388288,0,0,
tt0783515,0,0,
tt0996948,0,0,
tt0338309,0,0,
tt0481574,0,0,
tt0325007,0,0,
tt0362496,0,0,
tt0492488,0,0,
tt0930057,0,0,
tt0443506,0,0,
tt0830968,0,0,
tt0369294,0,0,
tt0436978,0,0,
tt0473037,0,0,
tt5198796,0,0,
tt0476053,0,0,
tt0410549,0,0,
tt0416471,0,0,
tt0450470,0,0,
tt0369523,0,0,
tt0466460,0,0,
tt0395796,0,0,
tt0495060,0,0,
tt0472210,0,0,
tt1506945,0,0,
tt0479506,0,0,
tt0375911,0,0,
tt0342882,0,0,
tt0783695,0,0,
tt0436728,0,0,
tt0434292,0,0,
tt0151734,0,0,
tt0348853,0,0,
tt0441761,0,0,
tt0097790,0,0,
tt2486792,0,0,
tt0384573,0,0,
tt0783681,0,0,
tt0464105,0,0,
tt0832906,0,0,
tt0795376,0,0,
tt0442286,0,0,
tt0474622,0,0,
tt0426627,0,0,
tt0808438,0,0,
tt0439511,0,0,
tt0384819,0,0,
tt0432260,0,0,
tt0371739,0,0,
tt0407236,0,0,
tt0368264,0,0,
tt0425253,0,0,
tt0438327,0,0,
tt0428965,0,0,
tt0887764,0,0,
tt0450334,0,0,
tt0800981,0,0,
tt0420509,0,0,
tt0496321,0,0,
tt0387037,0,0,
tt0297389,0,0,
tt0840019,0,0,
tt0841992,0,0,
tt0395173,0,0,
tt0402057,0,0,
tt0461804,0,0,
tt0464184,0,0,
tt0439774,0,0,
tt0405357,0,0,
tt0456149,0,0,
tt0760160,0,0,
tt0772153,0,0,
tt0334725,0,0,
tt0845439,0,0,
tt0381429,0,0,
tt0415234,0,0,
tt0799916,0,0,
tt0390159,0,0,
tt0489560,0,0,
tt0382806,0,0,
tt0405866,0,0,
tt0428649,0,0,
tt0469589,0,0,
tt0417189,0,0,
tt0498097,0,0,
tt0475169,0,0,
tt0432290,0,0,
tt0436864,0,0,
tt0455958,0,0,
tt0425055,0,0,
tt0456899,0,0,
tt0412308,0,0,
tt0499596,0,0,
tt0459242,0,0,
tt0432325,0,0,
tt0386504,0,0,
tt0407246,0,0,
tt0762111,0,0,
tt0479965,0,0,
tt0402230,0,0,
tt0461323,0,0,
tt0459666,0,0,
tt0424287,0,0,
tt0380268,0,0,
tt0799954,0,0,
tt0774755,0,0,
tt0083242,0,0,
tt0476805,0,0,
tt0478366,0,0,
tt0431979,0,0,
tt0439130,0,0,
tt0492466,0,0,
tt0473434,0,0,
tt0446685,0,0,
tt0477392,0,0,
tt0775566,0,0,
tt0376177,0,0,
tt0419434,0,0,
tt0757933,0,0,
tt0770214,0,0,
tt0372122,0,0,
tt0760310,0,0,
tt0775076,0,0,
tt0488906,0,0,
tt0464160,0,0,
tt0493459,0,0,
tt0489682,0,0,
tt0392908,0,0,
tt0396857,0,0,
tt0478166,0,0,
tt0436231,0,0,
tt0413466,0,0,
tt0446784,0,0,
tt0384814,0,0,
tt0805184,0,0,
tt0415932,0,0,
tt0064040,0,0,
tt0887259,0,0,
tt0460829,0,0,
tt0433116,0,0,
tt0443456,0,0,
tt0410400,0,0,
tt0460792,0,0,
tt0468094,0,0,
tt0478197,0,0,
tt0486358,0,0,
tt0454931,0,0,
tt0428038,0,0,
tt0404802,0,0,
tt0436971,0,0,
tt0811136,0,0,
tt0473488,0,0,
tt0473692,0,0,
tt1236254,0,0,
tt0488414,0,0,
tt0465203,0,0,
tt0381690,0,0,
tt0428856,0,0,
tt0417658,0,0,
tt0382810,0,0,
tt0364955,0,0,
tt0487503,0,0,
tt1092095,0,0,
tt0492492,0,0,
tt0427089,0,0,
tt0456396,0,0,
tt0379306,0,0,
tt0463345,0,0,
tt0110305,0,0,
tt0778784,0,0,
tt0436595,0,0,
tt0437777,0,0,
tt0433412,0,0,
tt0462346,0,0,
tt0426578,0,0,
tt0427969,0,0,
tt0456020,0,0,
tt0464692,0,0,
tt0084105,0,0,
tt0424942,0,0,
tt0496350,0,0,
tt6217098,0,0,
tt0927629,0,0,
tt0462295,0,0,
tt0483179,0,0,
tt0783665,0,0,
tt0410410,0,0,
tt0427906,0,0,
tt0486572,0,0,
tt1059238,0,0,
tt0870105,0,0,
tt7374762,0,0,
tt0938321,0,0,
tt0493395,0,0,
tt0800181,0,0,
tt0443564,0,0,
tt0791268,0,0,
tt0479354,0,0,
tt0780568,0,0,
tt0841149,0,0,
tt0847050,0,0,
tt0244521,0,0,
tt1002540,0,0,
tt0825241,0,0,
tt1553371,0,0,
tt0491877,0,0,
tt0302498,0,0,
tt0495919,0,0,
tt3814486,0,0,
tt1107850,0,0,
tt0479074,0,0,
tt0963915,0,0,
tt0452671,0,0,
tt0457302,0,0,
tt0852984,0,0,
tt0757061,0,0,
tt0499570,0,0,
tt0452971,0,0,
tt2090537,0,0,
tt0899238,0,0,
tt0808190,0,0,
tt0795406,0,0,
tt0412808,0,0,
tt0427582,0,0,
tt6076810,0,0,
tt1135944,0,0,
tt0094888,0,0,
tt0808237,0,0,
tt0462683,0,0,
tt0758798,0,0,
tt0477877,0,0,
tt0495036,0,0,
tt0473015,0,0,
tt0440978,0,0,
tt1003113,0,0,
tt1094270,0,0,
tt0780608,0,0,
tt0460925,0,0,
tt0844462,0,0,
tt0435706,0,0,
tt0430768,0,0,
tt0492464,0,0,
tt0475224,0,0,
tt0380420,0,0,
tt0439179,0,0,
tt0461613,0,0,
tt0808241,0,0,
tt0494203,0,0,
tt0029924,0,0,
tt0841175,0,0,
tt0377061,0,0,
tt1183697,0,0,
tt0087100,0,0,
tt1754953,0,0,
tt0814656,0,0,
tt0905361,0,0,
tt1083447,0,0,
tt0461760,0,0,
tt0446752,0,0,
tt0497986,0,0,
tt0479073,0,0,
tt0435625,0,0,
tt0448989,0,0,
tt0477731,0,0,
tt0780468,0,0,
tt0846425,0,0,
tt1045889,0,0,
tt0855824,0,0,
tt0461946,0,0,
tt0402906,0,0,
tt0484113,0,0,
tt2280378,0,0,
tt0806679,0,0,
tt0881909,0,0,
tt0848542,0,0,
tt0478999,0,0,
tt0450680,0,0,
tt0469686,0,0,
tt0379158,0,0,
tt0462477,0,0,
tt0826547,0,0,
tt0841173,0,0,
tt0414713,0,0,
tt0822849,0,0,
tt0841108,0,0,
tt0760187,0,0,
tt0401808,0,0,
tt0792948,0,0,
tt0431827,0,0,
tt0480001,0,0,
tt0492463,0,0,
tt0928413,0,0,
tt0483812,0,0,
tt0872318,0,0,
tt0409301,0,0,
tt0496319,0,0,
tt0067698,0,0,
tt0454864,0,0,
tt0354578,0,0,
tt1620446,0,0,
tt0828065,0,0,
tt0799976,0,0,
tt0498366,0,0,
tt2058636,0,0,
tt0784977,0,0,
tt0444672,0,0,
tt0464029,0,0,
tt0466943,0,0,
tt0995829,0,0,
tt0800272,0,0,
tt0479046,0,0,
tt0468548,0,0,
tt0914358,0,0,
tt0849480,0,0,
tt0787515,0,0,
tt0762117,0,0,
tt0819723,0,0,
tt0855895,0,0,
tt0769508,0,0,
tt0810988,0,0,
tt0404163,0,0,
tt0458367,0,0,
tt0451966,0,0,
tt0809439,0,0,
tt0437857,0,0,
tt3688342,0,0,
tt0376543,0,0,
tt0269217,0,0,
tt0760311,0,0,
tt0487273,0,0,
tt0991150,0,0,
tt0832937,0,0,
tt0463486,0,0,
tt0790769,0,0,
tt0799915,0,0,
tt0401420,0,0,
tt0417871,0,0,
tt0454084,0,0,
tt0492481,0,0,
tt0809407,0,0,
tt0490579,0,0,
tt0446298,0,0,
tt1112115,0,0,
tt0341569,0,0,
tt1086340,0,0,
tt0227671,0,0,
tt0763852,0,0,
tt0988102,0,0,
tt0389328,0,0,
tt0912599,0,0,
tt0424025,0,0,
tt0912590,0,0,
tt0444628,0,0,
tt0485185,0,0,
tt0912580,0,0,
tt0498120,0,0,
tt0467409,0,0,
tt0047574,0,0,
tt0422783,0,0,
tt0476643,0,0,
tt0832971,0,0,
tt0792966,0,0,
tt0431124,0,0,
tt0492499,0,0,
tt1003116,0,0,
tt0441774,0,0,
tt0939681,0,0,
tt0878134,0,0,
tt0499238,0,0,
tt0419491,0,0,
tt0432289,0,0,
tt0870222,0,0,
tt0498355,0,0,
tt0443455,0,0,
tt0912592,0,0,
tt1109499,0,0,
tt1003118,0,0,
tt0829193,0,0,
tt0479974,0,0,
tt0758738,0,0,
tt0315431,0,0,
tt0912583,0,0,
tt0432264,0,0,
tt0832903,0,0,
tt0954008,0,0,
tt0412796,0,0,
tt0819354,0,0,
tt2546292,0,0,
tt0450450,0,0,
tt0893356,0,0,
tt0459880,0,0,
tt0477078,0,0,
tt0808331,0,0,
tt0460766,0,0,
tt0425326,0,0,
tt0471030,0,0,
tt0923752,0,0,
tt0990376,0,0,
tt0943512,0,0,
tt0098063,0,0,
tt0758784,0,0,
tt0856008,0,0,
tt0492931,0,0,
tt0461703,0,0,
tt0488508,0,0,
tt1063628,0,0,
tt1018886,0,0,
tt0465188,0,0,
tt0800099,0,0,
tt0772168,0,0,
tt0449018,0,0,
tt1032854,0,0,
tt0475937,0,0,
tt0472268,0,0,
tt0459605,0,0,
tt0494222,0,0,
tt0457655,0,0,
tt0756729,0,0,
tt0823451,0,0,
tt0485272,0,0,
tt0455362,0,0,
tt0444112,0,0,
tt0481797,0,0,
tt0899143,0,0,
tt0857265,0,0,
tt0800956,0,0,
tt0449851,0,0,
tt0819953,0,0,
tt0920473,0,0,
tt0456521,0,0,
tt0460740,0,0,
tt0775488,0,0,
tt0458072,0,0,
tt0866437,0,0,
tt0458364,0,0,
tt0790602,0,0,
tt0772178,0,0,
tt0796368,0,0,
tt0986213,0,0,
tt0800027,0,0,
tt0841032,0,0,
tt1120897,0,0,
tt0478829,0,0,
tt0756703,0,0,
tt0814014,0,0,
tt0806203,0,0,
tt0780595,0,0,
tt0985636,0,0,
tt0443473,0,0,
tt0458522,0,0,
tt0976026,0,0,
tt0365686,0,0,
tt1059200,0,0,
tt0880440,0,0,
tt0833476,0,0,
tt0825244,0,0,
tt0491747,0,0,
tt0875113,0,0,
tt0841044,0,0,
tt0871510,0,0,
tt0995031,0,0,
tt0772193,0,0,
tt0490234,0,0,
tt0831884,0,0,
tt0476995,0,0,
tt0806088,0,0,
tt1146290,0,0,
tt0758053,0,0,
tt0483578,0,0,
tt0804452,0,0,
tt0768212,0,0,
tt0484562,0,0,
tt0426883,0,0,
tt0401997,0,0,
tt0424823,0,0,
tt1027743,0,0,
tt0422774,0,0,
tt0457419,0,0,
tt0488120,0,0,
tt1298722,0,0,
tt0490984,0,0,
tt0773306,0,0,
tt0830535,0,0,
tt0762104,0,0,
tt1037218,0,0,
tt1285162,0,0,
tt1289783,0,0,
tt1130987,0,0,
tt1241326,0,0,
tt0475252,0,0,
tt0278259,0,0,
tt1094277,0,0,
tt0962715,0,0,
tt1202163,0,0,
tt1172069,0,0,
tt1129381,0,0,
tt0492486,0,0,
tt1238298,0,0,
tt0811128,0,0,
tt1124217,0,0,
tt0765430,0,0,
tt0074547,0,0,
tt0756725,0,0,
tt1092007,0,0,
tt1130091,0,0,
tt0462023,0,0,
tt0971177,0,0,
tt1279111,0,0,
tt1064861,0,0,
tt0790675,0,0,
tt0914850,0,0,
tt1186248,0,0,
tt0765141,0,0,
tt0363240,0,0,
tt0476999,0,0,
tt0495026,0,0,
tt0905642,0,0,
tt0180005,0,0,
tt0855729,0,0,
tt0497323,0,0,
tt0881934,0,0,
tt1097017,0,0,
tt0960890,0,0,
tt0867241,0,0,
tt0870211,0,0,
tt0482517,0,0,
tt0857275,0,0,
tt0775536,0,0,
tt1056441,0,0,
tt0865297,0,0,
tt0770751,0,0,
tt0867160,0,0,
tt0937239,0,0,
tt0772165,0,0,
tt0930071,0,0,
tt0833960,0,0,
tt0984213,0,0,
tt1090680,0,0,
tt0414426,0,0,
tt0479289,0,0,
tt1078891,0,0,
tt0875705,0,0,
tt0459468,0,0,
tt0269849,0,0,
tt1157668,0,0,
tt1266583,0,0,
tt0479140,0,0,
tt1031280,0,0,
tt0817544,0,0,
tt1288553,0,0,
tt0478126,0,0,
tt0425308,0,0,
tt0768183,0,0,
tt0960770,0,0,
tt0792978,0,0,
tt1014808,0,0,
tt0959282,0,0,
tt0825331,0,0,
tt1196707,0,0,
tt0051871,0,0,
tt1092004,0,0,
tt1171238,0,0,
tt1284596,0,0,
tt1152758,0,0,
tt1007950,0,0,
tt1234240,0,0,
tt0488535,0,0,
tt0828393,0,0,
tt0790709,0,0,
tt4801232,0,0,
tt0451221,0,0,
tt1042499,0,0,
tt6987652,0,0,
tt1117379,0,0,
tt0846668,0,0,
tt0485851,0,0,
tt1104783,0,0,
tt1172203,0,0,
tt1093836,0,0,
tt0048261,0,0,
tt0416675,0,0,
tt3169000,0,0,
tt1048174,0,0,
tt0914845,0,0,
tt1024746,0,0,
tt0893509,0,0,
tt0449303,0,0,
tt1187354,0,0,
tt0830570,0,0,
tt1012757,0,0,
tt1051245,0,0,
tt0123028,0,0,
tt0821810,0,0,
tt0796302,0,0,
tt1133991,0,0,
tt0910847,0,0,
tt2342708,0,0,
tt3956334,0,0,
tt1212007,0,0,
tt0493402,0,0,
tt3625294,0,0,
tt0790799,0,0,
tt1035731,0,0,
tt0488988,0,0,
tt0430916,0,0,
tt0889134,0,0,
tt0384683,0,0,
tt1157705,0,0,
tt1157694,0,0,
tt1262863,0,0,
tt0984175,0,0,
tt0794374,0,0,
tt1285252,0,0,
tt0995061,0,0,
tt0391483,0,0,
tt1213926,0,0,
tt1068634,0,0,
tt1020936,0,0,
tt0847897,0,0,
tt0859765,0,0,
tt1040007,0,0,
tt0838233,0,0,
tt0991167,0,0,
tt0787500,0,0,
tt1153690,0,0,
tt0870122,0,0,
tt1164092,0,0,
tt0816545,0,0,
tt0829432,0,0,
tt0841084,0,0,
tt1157720,0,0,
tt0395461,0,0,
tt0818165,0,0,
tt1202203,0,0,
tt0912596,0,0,
tt1262046,0,0,
tt0493421,0,0,
tt1122599,0,0,
tt1006904,0,0,
tt0758732,0,0,
tt1051981,0,0,
tt0780046,0,0,
tt1129921,0,0,
tt1520323,0,0,
tt0887732,0,0,
tt0951318,0,0,
tt0048308,0,0,
tt0782867,0,0,
tt0990404,0,0,
tt1003115,0,0,
tt0476991,0,0,
tt0338706,0,0,
tt1008023,0,0,
tt0415856,0,0,
tt0953363,0,0,
tt0940620,0,0,
tt1149583,0,0,
tt0357668,0,0,
tt1180346,0,0,
tt0986233,0,0,
tt1093842,0,0,
tt0436854,0,0,
tt1028539,0,0,
tt0475984,0,0,
tt0888693,0,0,
tt1157620,0,0,
tt1280501,0,0,
tt0109688,0,0,
tt0905979,0,0,
tt0902270,0,0,
tt1002765,0,0,
tt0411475,0,0,
tt1138002,0,0,
tt0493450,0,0,
tt1163752,0,0,
tt0460745,0,0,
tt1306972,0,0,
tt1286800,0,0,
tt0479547,0,0,
tt0770796,0,0,
tt1198405,0,0,
tt0781435,0,0,
tt1087578,0,0,
tt1151309,0,0,
tt1092005,0,0,
tt1043749,0,0,
tt6490394,0,0,
tt0963208,0,0,
tt0787523,0,0,
tt0818170,0,0,
tt0803057,0,0,
tt1185437,0,0,
tt1029137,0,0,
tt0842929,0,0,
tt0487195,0,0,
tt1149405,0,0,
tt0955306,0,0,
tt1153111,0,0,
tt0765451,0,0,
tt1178640,0,0,
tt1277728,0,0,
tt1202539,0,0,
tt0840322,0,0,
tt1114277,0,0,
tt1185418,0,0,
tt0065889,0,0,
tt1091225,0,0,
tt1132606,0,0,
tt0870195,0,0,
tt0827517,0,0,
tt1093824,0,0,
tt0996605,0,0,
tt0479468,0,0,
tt0804492,0,0,
tt1292703,0,0,
tt1078188,0,0,
tt1029120,0,0,
tt1165276,0,0,
tt0807054,0,0,
tt0870090,0,0,
tt0857355,0,0,
tt1275521,0,0,
tt0476550,0,0,
tt1038915,0,0,
tt1179781,0,0,
tt0819714,0,0,
tt1039995,0,0,
tt0490170,0,0,
tt0889652,0,0,
tt1191138,0,0,
tt1182908,0,0,
tt0855852,0,0,
tt0825239,0,0,
tt1216300,0,0,
tt0993789,0,0,
tt0929412,0,0,
tt0455805,0,0,
tt0995752,0,0,
tt1151915,0,0,
tt0047688,0,0,
tt1065332,0,0,
tt0901485,0,0,
tt1182937,0,0,
tt0487419,0,0,
tt0991346,0,0,
tt0080653,0,0,
tt1032856,0,0,
tt0970468,0,0,
tt1045670,0,0,
tt7262882,0,0,
tt0795493,0,0,
tt1068649,0,0,
tt0464913,0,0,
tt1046947,0,0,
tt1142798,0,0,
tt0486578,0,0,
tt0997047,0,0,
tt0956038,0,0,
tt1157631,0,0,
tt0962711,0,0,
tt1120889,0,0,
tt1038971,0,0,
tt1319645,0,0,
tt1426371,0,0,
tt0842675,0,0,
tt1628039,0,0,
tt0960741,0,0,
tt0880648,0,0,
tt1278447,0,0,
tt1043756,0,0,
tt0097994,0,0,
tt1249443,0,0,
tt0859644,0,0,
tt1392888,0,0,
tt0877700,0,0,
tt1268175,0,0,
tt1235058,0,0,
tt1348318,0,0,
tt0841128,0,0,
tt0046907,0,0,
tt0790612,0,0,
tt1343110,0,0,
tt1189076,0,0,
tt1132588,0,0,
tt1224366,0,0,
tt1247397,0,0,
tt1424361,0,0,
tt1091172,0,0,
tt0880570,0,0,
tt1160317,0,0,
tt1155637,0,0,
tt1251754,0,0,
tt1277938,0,0,
tt1293842,0,0,
tt0832318,0,0,
tt0477002,0,0,
tt1101675,0,0,
tt1546653,0,0,
tt0435716,0,0,
tt1172523,0,0,
tt0889595,0,0,
tt1360866,0,0,
tt0493451,0,0,
tt1189350,0,0,
tt1185242,0,0,
tt1031947,0,0,
tt0902290,0,0,
tt1393744,0,0,
tt0882113,0,0,
tt1149584,0,0,
tt1316622,0,0,
tt0469976,0,0,
tt0464098,0,0,
tt1495823,0,0,
tt1018830,0,0,
tt0960098,0,0,
tt0062893,0,0,
tt1241325,0,0,
tt1406161,0,0,
tt1327820,0,0,
tt1639901,0,0,
tt1103221,0,0,
tt1217578,0,0,
tt1222330,0,0,
tt1176954,0,0,
tt1206488,0,0,
tt1422119,0,0,
tt0762105,0,0,
tt1322282,0,0,
tt1322264,0,0,
tt1134665,0,0,
tt1321332,0,0,
tt1450633,0,0,
tt1285144,0,0,
tt0834541,0,0,
tt1183911,0,0,
tt1281951,0,0,
tt1522329,0,0,
tt0481269,0,0,
tt1475191,0,0,
tt1238291,0,0,
tt1339635,0,0,
tt0770814,0,0,
tt1254696,0,0,
tt0949875,0,0,
tt1032819,0,0,
tt0102577,0,0,
tt1137437,0,0,
tt0443559,0,0,
tt0814031,0,0,
tt1312254,0,0,
tt1245369,0,0,
tt1489185,0,0,
tt1220214,0,0,
tt1223150,0,0,
tt1276434,0,0,
tt1085515,0,0,
tt0996966,0,0,
tt0938706,0,0,
tt0445336,0,0,
tt1122614,0,0,
tt1034090,0,0,
tt1219828,0,0,
tt1118045,0,0,
tt1488163,0,0,
tt1037090,0,0,
tt1213832,0,0,
tt1001540,0,0,
tt0961108,0,0,
tt0443524,0,0,
tt0899138,0,0,
tt1344315,0,0,
tt1192620,0,0,
tt0984210,0,0,
tt1276996,0,0,
tt1284592,0,0,
tt1058058,0,0,
tt1103963,0,0,
tt1264074,0,0,
tt1232790,0,0,
tt1239285,0,0,
tt1223975,0,0,
tt0790627,0,0,
tt1413493,0,0,
tt1337193,0,0,
tt1504429,0,0,
tt0968760,0,0,
tt0418586,0,0,
tt1430836,0,0,
tt1086216,0,0,
tt1699158,0,0,
tt2510998,0,0,
tt0914837,0,0,
tt1027658,0,0,
tt1362045,0,0,
tt0978649,0,0,
tt1233381,0,0,
tt1277936,0,0,
tt1653827,0,0,
tt0498329,0,0,
tt1185833,0,0,
tt1339268,0,0,
tt1049948,0,0,
tt1396209,0,0,
tt1300155,0,0,
tt0971162,0,0,
tt1187041,0,0,
tt1284526,0,0,
tt1212909,0,0,
tt1333634,0,0,
tt1127221,0,0,
tt1172206,0,0,
tt0138623,0,0,
tt1015971,0,0,
tt1503769,0,0,
tt1074194,0,0,
tt0804485,0,0,
tt0841925,0,0,
tt1143155,0,0,
tt1135525,0,0,
tt1224153,0,0,
tt1502396,0,0,
tt1423455,0,0,
tt1225296,0,0,
tt1342403,0,0,
tt1373406,0,0,
tt1433099,0,0,
tt1182884,0,0,
tt0892904,0,0,
tt0445953,0,0,
tt0479044,0,0,
tt1028581,0,0,
tt1034325,0,0,
tt1024942,0,0,
tt0105750,0,0,
tt0768218,0,0,
tt1159961,0,0,
tt1426378,0,0,
tt1196134,0,0,
tt1237838,0,0,
tt1232824,0,0,
tt1202579,0,0,
tt1280011,0,0,
tt1354687,0,0,
tt1204773,0,0,
tt1233611,0,0,
tt1176251,0,0,
tt0910559,0,0,
tt1122836,0,0,
tt1326900,0,0,
tt1368491,0,0,
tt1391092,0,0,
tt1038913,0,0,
tt1334510,0,0,
tt5199264,0,0,
tt1185405,0,0,
tt0997246,0,0,
tt0896031,0,0,
tt1279083,0,0,
tt0838241,0,0,
tt0840406,0,0,
tt1188983,0,0,
tt1056422,0,0,
tt1014809,0,0,
tt1333631,0,0,
tt1497874,0,0,
tt1356928,0,0,
tt1259573,0,0,
tt1239427,0,0,
tt1433540,0,0,
tt1260565,0,0,
tt1100048,0,0,
tt1326204,0,0,
tt1227929,0,0,
tt1352852,0,0,
tt1517252,0,0,
tt1332100,0,0,
tt1121786,0,0,
tt1129435,0,0,
tt1587426,0,0,
tt1114680,0,0,
tt0938341,0,0,
tt1282143,0,0,
tt6293042,0,0,
tt1512201,0,0,
tt1035730,0,0,
tt1135952,0,0,
tt1286798,0,0,
tt1173745,0,0,
tt1153053,0,0,
tt1133993,0,0,
tt1134629,0,0,
tt0974014,0,0,
tt0967945,0,0,
tt1277736,0,0,
tt1037156,0,0,
tt0913413,0,0,
tt0936471,0,0,
tt7566518,0,0,
tt0961728,0,0,
tt1082009,0,0,
tt1212974,0,0,
tt1295912,0,0,
tt1193088,0,0,
tt0457355,0,0,
tt1152397,0,0,
tt1360860,0,0,
tt1187044,0,0,
tt1135092,0,0,
tt1190858,0,0,
tt0844457,0,0,
tt1286159,0,0,
tt0928406,0,0,
tt1124039,0,0,
tt1334537,0,0,
tt0460810,0,0,
tt1048171,0,0,
tt1286821,0,0,
tt1331291,0,0,
tt1391544,0,0,
tt0489049,0,0,
tt1157605,0,0,
tt1127877,0,0,
tt0976060,0,0,
tt1334479,0,0,
tt1095442,0,0,
tt1277737,0,0,
tt1385824,0,0,
tt1156173,0,0,
tt1355638,0,0,
tt1313104,0,0,
tt1242845,0,0,
tt1320082,0,0,
tt1229360,0,0,
tt1305796,0,0,
tt0962774,0,0,
tt1483831,0,0,
tt1176244,0,0,
tt1242530,0,0,
tt1620933,0,0,
tt1082853,0,0,
tt0977648,0,0,
tt0926380,0,0,
tt1185431,0,0,
tt1130088,0,0,
tt1213585,0,0,
tt1314280,0,0,
tt1186370,0,0,
tt0386820,0,0,
tt1509276,0,0,
tt1186369,0,0,
tt0806027,0,0,
tt1345777,0,0,
tt1023441,0,0,
tt1139800,0,0,
tt1343362,0,0,
tt1202540,0,0,
tt0836700,0,0,
tt1127715,0,0,
tt1172963,0,0,
tt1331025,0,0,
tt0486615,0,0,
tt1226774,0,0,
tt0997147,0,0,
tt1242545,0,0,
tt1258134,0,0,
tt0948535,0,0,
tt0405393,0,0,
tt1255951,0,0,
tt5871318,0,0,
tt6683070,0,0,
tt1292648,0,0,
tt1252596,0,0,
tt1442519,0,0,
tt1043451,0,0,
tt1291465,0,0,
tt1082601,0,0,
tt0815245,0,0,
tt1020876,0,0,
tt1069238,0,0,
tt0838232,0,0,
tt1216487,0,0,
tt0492044,0,0,
tt0821640,0,0,
tt1292645,0,0,
tt1212454,0,0,
tt1482991,0,0,
tt1111295,0,0,
tt1621019,0,0,
tt1053902,0,0,
tt0338187,0,0,
tt1172066,0,0,
tt1611990,0,0,
tt1308165,0,0,
tt1181791,0,0,
tt2543336,0,0,
tt1571565,0,0,
tt1721683,0,0,
tt1242522,0,0,
tt0445054,0,0,
tt1555149,0,0,
tt1560970,0,0,
tt1559040,0,0,
tt1747967,0,0,
tt1477118,0,0,
tt1606259,0,0,
tt1605790,0,0,
tt1185371,0,0,
tt1680679,0,0,
tt1175713,0,0,
tt1543029,0,0,
tt1440379,0,0,
tt1687277,0,0,
tt1766085,0,0,
tt1943873,0,0,
tt1838571,0,0,
tt1233334,0,0,
tt0048280,0,0,
tt1740047,0,0,
tt1381404,0,0,
tt2193418,0,0,
tt2287621,0,0,
tt2125439,0,0,
tt1921027,0,0,
tt2373324,0,0,
tt1893371,0,0,
tt1976003,0,0,
tt2292903,0,0,
tt2215363,0,0,
tt2062497,0,0,
tt2070597,0,0,
tt2312406,0,0,
tt0265208,0,0,
tt2331880,0,0,
tt2014338,0,0,
tt1990217,0,0,
tt1839654,0,0,
tt0117407,0,0,
tt2059255,0,0,
tt2204540,0,0,
tt2268458,0,0,
tt2286990,0,0,
tt2962826,0,0,
tt1462411,0,0,
tt3106846,0,0,
tt2186781,0,0,
tt2232578,0,0,
tt3119416,0,0,
tt3281074,0,0,
tt2324384,0,0,
tt2073520,0,0,
tt0122548,0,0,
tt2510700,0,0,
tt0342167,0,0,
tt2385006,0,0,
tt0386342,0,0,
tt3604582,0,0,
tt3455850,0,0,
tt0280491,0,0,
tt3090252,0,0,
tt7665476,0,0,
tt2373878,0,0,
tt2406572,0,0,
tt0375785,0,0,
tt0430746,0,0,
tt3194410,0,0,
tt1837613,0,0,
tt3006814,0,0,
tt3400872,0,0,
tt2980728,0,0,
tt3212392,0,0,
tt2171902,0,0,
tt3510452,0,0,
tt0258816,0,0,
tt2790236,0,0,
tt1734433,0,0,
tt3635920,0,0,
tt0364343,0,0,
tt1724965,0,0,
tt1638002,0,0,
tt2920540,0,0,
tt3169706,0,0,
tt2290553,0,0,
tt2764784,0,0,
tt4000870,0,0,
tt1206285,0,0,
tt4163644,0,0,
tt4506106,0,0,
tt4887842,0,0,
tt3495644,0,0,
tt3946300,0,0,
tt4059112,0,0,
tt3059816,0,0,
tt5080804,0,0,
tt5253754,0,0,
tt3774790,0,0,
tt1359553,0,0,
tt2933004,0,0,
tt3398628,0,0,
tt4050596,0,0,
tt4336186,0,0,
tt4439102,0,0,
tt2073091,0,0,
tt4075804,0,0,
tt3833746,0,0,
tt5324456,0,0,
tt1724597,0,0,
tt3186788,0,0,
tt3249414,0,0,
tt3726252,0,0,
tt3561236,0,0,
tt4034452,0,0,
tt4797082,0,0,
tt3798628,0,0,
tt0265739,0,0,
tt3190158,0,0,
tt2241750,0,0,
tt4082596,0,0,
tt3237942,0,0,
tt3876702,0,0,
tt3826186,0,0,
tt3240784,0,0,
tt3544218,0,0,
tt3776484,0,0,
tt3029476,0,0,
tt4159182,0,0,
tt3262252,0,0,
tt2899142,0,0,
tt5005496,0,0,
tt3763790,0,0,
tt4466336,0,0,
tt5328262,0,0,
tt2735292,0,0,
tt5360804,0,0,
tt1618448,0,0,
tt4637240,0,0,
tt5294198,0,0,
tt5048612,0,0,
tt4216890,0,0,
tt4496082,0,0,
tt5214394,0,0,
tt4663992,0,0,
tt3770426,0,0,
tt3055402,0,0,
tt2157103,0,0,
tt2049630,0,0,
tt5007908,0,0,
tt3817962,0,0,
tt5323568,0,0,
tt4080012,0,0,
tt3713030,0,0,
tt4048168,0,0,
tt5170338,0,0,
tt4504626,0,0,
tt5641162,0,0,
tt4276112,0,0,
tt3972934,0,0,
tt0127153,0,0,
tt2781406,0,0,
tt2049543,0,0,
tt3122842,0,0,
tt1507571,0,0,
tt4192896,0,0,
tt4058750,0,0,
tt3791268,0,0,
tt3460084,0,0,
tt4880956,0,0,
tt4973112,0,0,
tt3162938,0,0,
tt3646344,0,0,
tt3461882,0,0,
tt4974356,0,0,
tt3334212,0,0,
tt3591988,0,0,
tt4109204,0,0,
tt4928620,0,0,
tt3250032,0,0,
tt4935954,0,0,
tt4468132,0,0,
tt4206218,0,0,
tt5271432,0,0,
tt4881172,0,0,
tt4692242,0,0,
tt3911554,0,0,
tt4079782,0,0,
tt3587396,0,0,
tt4150494,0,0,
tt3332308,0,0,
tt4481310,0,0,
tt4414694,0,0,
tt3771626,0,0,
tt5222624,0,0,
tt5083702,0,0,
tt2654572,0,0,
tt4501706,0,0,
tt3449664,0,0,
tt4127548,0,0,
tt3840898,0,0,
tt5039054,0,0,
tt4428728,0,0,
tt4961322,0,0,
tt5663038,0,0,
tt5040338,0,0,
tt3764122,0,0,
tt3915966,0,0,
tt2815720,0,0,
tt4944506,0,0,
tt5037912,0,0,
tt3440132,0,0,
tt3150966,0,0,
tt5278466,0,0,
tt2980554,0,0,
tt4228816,0,0,
tt0076574,0,0,
tt3846402,0,0,
tt2957760,0,0,
tt4546024,0,0,
tt3359868,0,0,
tt3774092,0,0,
tt2721510,0,0,
tt3863484,0,0,
tt5500416,0,0,
tt4173478,0,0,
tt4082524,0,0,
tt4024944,0,0,
tt4949088,0,0,
tt4692234,0,0,
tt2674430,0,0,
tt3612320,0,0,
tt4026642,0,0,
tt3661802,0,0,
tt4382618,0,0,
tt5341036,0,0,
tt3828378,0,0,
tt4589628,0,0,
tt4629636,0,0,
tt3531578,0,0,
tt2994832,0,0,
tt2625810,0,0,
tt4328890,0,0,
tt3592176,0,0,
tt2885628,0,0,
tt0015002,0,0,
tt4506722,0,0,
tt3769244,0,0,
tt4426656,0,0,
tt5029004,0,0,
tt4107858,0,0,
tt1735907,0,0,
tt5311536,0,0,
tt2282849,0,0,
tt4482858,0,0,
tt5096846,0,0,
tt4630158,0,0,
tt5039360,0,0,
tt2992000,0,0,
tt4921860,0,0,
tt3728746,0,0,
tt4594936,0,0,
tt4379180,0,0,
tt0314197,0,0,
tt3319018,0,0,
tt3100904,0,0,
tt4448372,0,0,
tt3772576,0,0,
tt4148030,0,0,
tt4202960,0,0,
tt4230010,0,0,
tt4446348,0,0,
tt5313980,0,0,
tt4604496,0,0,
tt2581480,0,0,
tt3414960,0,0,
tt4466550,0,0,
tt1883367,0,0,
tt1870548,0,0,
tt4978728,0,0,
tt2735996,0,0,
tt4266910,0,0,
tt2097333,0,0,
tt3286052,0,0,
tt4048668,0,0,
tt2262345,0,0,
tt5638500,0,0,
tt4072352,0,0,
tt5522224,0,0,
tt5073738,0,0,
tt3661298,0,0,
tt4341864,0,0,
tt2537390,0,0,
tt2891070,0,0,
tt3603808,0,0,
tt3615204,0,0,
tt5491920,0,0,
tt4003648,0,0,
tt4428800,0,0,
tt3080844,0,0,
tt4881016,0,0,
tt2597760,0,0,
tt2712154,0,0,
tt4844348,0,0,
tt4569240,0,0,
tt5521666,0,0,
tt3185650,0,0,
tt6605826,0,0,
tt4154728,0,0,
tt4079142,0,0,
tt4669204,0,0,
tt3317208,0,0,
tt2989524,0,0,
tt5078964,0,0,
tt2445178,0,0,
tt5068280,0,0,
tt4613272,0,0,
tt0244898,0,0,
tt4035268,0,0,
tt5141150,0,0,
tt3142366,0,0,
tt4344782,0,0,
tt3488184,0,0,
tt4505170,0,0,
tt4628812,0,0,
tt2432704,0,0,
tt3640706,0,0,
tt4938688,0,0,
tt3616292,0,0,
tt3263548,0,0,
tt3484796,0,0,
tt4630444,0,0,
tt3908598,0,0,
tt3833520,0,0,
tt2989350,0,0,
tt4313174,0,0,
tt4210080,0,0,
tt4959326,0,0,
tt2580382,0,0,
tt3284178,0,0,
tt4684410,0,0,
tt0390221,0,0,
tt1949605,0,0,
tt3534842,0,0,
tt4466872,0,0,
tt5073620,0,0,
tt2022441,0,0,
tt4766604,0,0,
tt3962848,0,0,
tt3442990,0,0,
tt5128266,0,0,
tt4867094,0,0,
tt4096620,0,0,
tt3557446,0,0,
tt1698654,0,0,
tt3547682,0,0,
tt1544608,0,0,
tt4938790,0,0,
tt3057572,0,0,
tt3847390,0,0,
tt2049636,0,0,
tt4653370,0,0,
tt3219610,0,0,
tt3837976,0,0,
tt2818252,0,0,
tt3638396,0,0,
tt5085688,0,0,
tt4126438,0,0,
tt5494656,0,0,
tt3620762,0,0,
tt3948240,0,0,
tt4224328,0,0,
tt1254322,0,0,
tt5455344,0,0,
tt4684258,0,0,
tt1196948,0,0,
tt5058114,0,0,
tt5158660,0,0,
tt4083572,0,0,
tt3066630,0,0,
tt4167720,0,0,
tt1460646,0,0,
tt4791920,0,0,
tt4188192,0,0,
tt4400174,0,0,
tt4469200,0,0,
tt3526706,0,0,
tt4092774,0,0,
tt4905556,0,0,
tt4144206,0,0,
tt4000670,0,0,
tt4668808,0,0,
tt0058249,0,0,
tt5352034,0,0,
tt3596952,0,0,
tt4777738,0,0,
tt4851630,0,0,
tt3779300,0,0,
tt3651326,0,0,
tt3343784,0,0,
tt2835494,0,0,
tt4794512,0,0,
tt4373884,0,0,
tt5285050,0,0,
tt4377918,0,0,
tt3640682,0,0,
tt5200962,0,0,
tt4678200,0,0,
tt4746370,0,0,
tt4161074,0,0,
tt3397918,0,0,
tt3394758,0,0,
tt2150139,0,0,
tt1674785,0,0,
tt5446610,0,0,
tt3774466,0,0,
tt3715854,0,0,
tt4844722,0,0,
tt4842270,0,0,
tt4693418,0,0,
tt4624330,0,0,
tt4668860,0,0,
tt4515684,0,0,
tt4323536,0,0,
tt3882000,0,0,
tt0103998,0,0,
tt4861730,0,0,
tt4120210,0,0,
tt0324217,0,0,
tt3485800,0,0,
tt4600312,0,0,
tt2358456,0,0,
tt3898028,0,0,
tt3916100,0,0,
tt5255710,0,0,
tt1702429,0,0,
tt3891218,0,0,
tt4239726,0,0,
tt4530884,0,0,
tt3121332,0,0,
tt5462892,0,0,
tt2726552,0,0,
tt4847090,0,0,
tt4868972,0,0,
tt3504604,0,0,
tt3949644,0,0,
tt4922694,0,0,
tt1533089,0,0,
tt4721400,0,0,
tt4892556,0,0,
tt3669520,0,0,
tt3652862,0,0,
tt3703148,0,0,
tt3155242,0,0,
tt2948790,0,0,
tt2531334,0,0,
tt4909982,0,0,
tt3781762,0,0,
tt4504040,0,0,
tt4170472,0,0,
tt0043890,0,0,
tt2577854,0,0,
tt4337072,0,0,
tt4987556,0,0,
tt3334794,0,0,
tt4413338,0,0,
tt3730510,0,0,
tt3824412,0,0,
tt4562260,0,0,
tt3753248,0,0,
tt5358370,0,0,
tt0131636,0,0,
tt3613648,0,0,
tt4859246,0,0,
tt3828058,0,0,
tt6448490,0,0,
tt3054798,0,0,
tt4377864,0,0,
tt3997238,0,0,
tt4288636,0,0,
tt5128328,0,0,
tt5284200,0,0,
tt4935480,0,0,
tt4936064,0,0,
tt4409852,0,0,
tt2614722,0,0,
tt4415900,0,0,
tt4768776,0,0,
tt4948452,0,0,
tt3131532,0,0,
tt4415326,0,0,
tt3270538,0,0,
tt0398840,0,0,
tt4149696,0,0,
tt3993894,0,0,
tt3811986,0,0,
tt4906984,0,0,
tt5000724,0,0,
tt2718440,0,0,
tt4246850,0,0,
tt4429128,0,0,
tt0073056,0,0,
tt3410408,0,0,
tt3786530,0,0,
tt4266638,0,0,
tt5313414,0,0,
tt4144504,0,0,
tt3566788,0,0,
tt3457138,0,0,
tt4024210,0,0,
tt5332502,0,0,
tt3681422,0,0,
tt4961334,0,0,
tt2848324,0,0,
tt5432650,0,0,
tt2141773,0,0,
tt3877674,0,0,
tt4255110,0,0,
tt3368222,0,0,
tt4718728,0,0,
tt3717016,0,0,
tt4061196,0,0,
tt3739614,0,0,
tt4768902,0,0,
tt4937156,0,0,
tt3272570,0,0,
tt1683048,0,0,
tt4449576,0,0,
tt4080768,0,0,
tt4430212,0,0,
tt6781638,0,0,
tt4019560,0,0,
tt4085084,0,0,
tt4025194,0,0,
tt4930000,0,0,
tt4230700,0,0,
tt4170186,0,0,
tt3784222,0,0,
tt3675568,0,0,
tt4450396,0,0,
tt5483634,0,0,
tt5769586,0,0,
tt1659611,0,0,
tt3850496,0,0,
tt4283962,0,0,
tt4935334,0,0,
tt3481000,0,0,
tt4417022,0,0,
tt4104022,0,0,
tt3830162,0,0,
tt1856057,0,0,
tt2953762,0,0,
tt4005668,0,0,
tt4935418,0,0,
tt3758708,0,0,
tt5179324,0,0,
tt3398048,0,0,
tt4018492,0,0,
tt4163020,0,0,
tt4635372,0,0,
tt4428814,0,0,
tt5217644,0,0,
tt3735398,0,0,
tt3711622,0,0,
tt2296747,0,0,
tt1655461,0,0,
tt4058500,0,0,
tt4323504,0,0,
tt2072230,0,0,
tt5522892,0,0,
tt3735686,0,0,
tt3059702,0,0,
tt5200814,0,0,
tt3483612,0,0,
tt4093680,0,0,
tt3685622,0,0,
tt3384180,0,0,
tt5065822,0,0,
tt5158168,0,0,
tt5129818,0,0,
tt2611652,0,0,
tt3422078,0,0,
tt4000936,0,0,
tt3852066,0,0,
tt4032496,0,0,
tt4048050,0,0,
tt3962210,0,0,
tt4059702,0,0,
tt4302956,0,0,
tt4686692,0,0,
tt4601292,0,0,
tt4951924,0,0,
tt4917700,0,0,
tt4489416,0,0,
tt4593108,0,0,
tt1598642,0,0,
tt3917210,0,0,
tt5275830,0,0,
tt4934950,0,0,
tt2290397,0,0,
tt3486542,0,0,
tt3818286,0,0,
tt2393827,0,0,
tt6229862,0,0,
tt3735554,0,0,
tt4119278,0,0,
tt3447364,0,0,
tt4185572,0,0,
tt3020666,0,0,
tt2474958,0,0,
tt4460238,0,0,
tt3108662,0,0,
tt6447556,0,0,
tt2514028,0,0,
tt1708135,0,0,
tt1707380,0,0,
tt4935446,0,0,
tt2720602,0,0,
tt2618920,0,0,
tt3101132,0,0,
tt5377604,0,0,
tt4425064,0,0,
tt2903186,0,0,
tt4790416,0,0,
tt3715122,0,0,
tt1731701,0,0,
tt4610094,0,0,
tt4145178,0,0,
tt2838228,0,0,
tt3451720,0,0,
tt4316236,0,0,
tt1490530,0,0,
tt4375438,0,0,
tt3975072,0,0,
tt4135844,0,0,
tt4275910,0,0,
tt2097331,0,0,
tt3676370,0,0,
tt0483468,0,0,
tt5035872,0,0,
tt3573598,0,0,
tt4838316,0,0,
tt3344694,0,0,
tt0092534,0,0,
tt5020074,0,0,
tt3505682,0,0,
tt3748512,0,0,
tt4622340,0,0,
tt4932286,0,0,
tt4338434,0,0,
tt3707114,0,0,
tt4846952,0,0,
tt5180856,0,0,
tt4258628,0,0,
tt3123010,0,0,
tt2784936,0,0,
tt5074504,0,0,
tt6449358,0,0,
tt5565818,0,0,
tt4400028,0,0,
tt5644006,0,0,
tt5565670,0,0,
tt4002772,0,0,
tt4126304,0,0,
tt0382958,0,0,
tt4273562,0,0,
tt4246818,0,0,
tt4721502,0,0,
tt5569468,0,0,
tt3740778,0,0,
tt5763398,0,0,
tt2191765,0,0,
tt3894404,0,0,
tt5036442,0,0,
tt4195148,0,0,
tt2954474,0,0,
tt3422462,0,0,
tt5725434,0,0,
tt3671542,0,0,
tt5181852,0,0,
tt4193400,0,0,
tt5061126,0,0,
tt5253630,0,0,
tt5280626,0,0,
tt3165636,0,0,
tt3790720,0,0,
tt4424228,0,0,
tt4283358,0,0,
tt2219650,0,0,
tt3837248,0,0,
tt4382872,0,0,
tt3746250,0,0,
tt1322393,0,0,
tt3679000,0,0,
tt0367685,0,0,
tt3855240,0,0,
tt3451230,0,0,
tt5519566,0,0,
tt3956562,0,0,
tt3480886,0,0,
tt5505188,0,0,
tt4468634,0,0,
tt5317950,0,0,
tt5505334,0,0,
tt5562652,0,0,
tt4938374,0,0,
tt4788606,0,0,
tt2433040,0,0,
tt6230014,0,0,
tt4085944,0,0,
tt5478632,0,0,
tt4331970,0,0,
tt4228294,0,0,
tt3549206,0,0,
tt3478962,0,0,
tt2552394,0,0,
tt3877296,0,0,
tt5700648,0,0,
tt3503406,0,0,
tt3205376,0,0,
tt4706602,0,0,
tt2638662,0,0,
tt2133196,0,0,
tt2262161,0,0,
tt3892434,0,0,
tt3704050,0,0,
tt4695548,0,0,
tt5612156,0,0,
tt3083008,0,0,
tt4610372,0,0,
tt2415458,0,0,
tt3734678,0,0,
tt1517471,0,0,
tt4994736,0,0,
tt3707104,0,0,
tt4374044,0,0,
tt5278596,0,0,
tt3765078,0,0,
tt4163636,0,0,
tt4643844,0,0,
tt4325900,0,0,
tt5768474,0,0,
tt4437298,0,0,
tt4172042,0,0,
tt3165630,0,0,
tt3696192,0,0,
tt2496758,0,0,
tt4229236,0,0,
tt3296658,0,0,
tt0086950,0,0,
tt3159708,0,0,
tt4609676,0,0,
tt4908040,0,0,
tt4621016,0,0,
tt2474976,0,0,
tt2322420,0,0,
tt6203902,0,0,
tt3721936,0,0,
tt3733778,0,0,
tt5111874,0,0,
tt4944460,0,0,
tt5178278,0,0,
tt2545428,0,0,
tt3532278,0,0,
tt3467412,0,0,
tt1718924,0,0,
tt0995868,0,0,
tt4483192,0,0,
tt4729766,0,0,
tt2917388,0,0,
tt4594834,0,0,
tt4955162,0,0,
tt5498012,0,0,
tt4272866,0,0,
tt3723780,0,0,
tt5653444,0,0,
tt4208868,0,0,
tt5074618,0,0,
tt3064298,0,0,
tt3510480,0,0,
tt5277952,0,0,
tt3416744,0,0,
tt5065790,0,0,
tt4660980,0,0,
tt4580112,0,0,
tt4652532,0,0,
tt3848938,0,0,
tt3174376,0,0,
tt4679092,0,0,
tt4974684,0,0,
tt0815457,0,0,
tt3655680,0,0,
tt4835394,0,0,
tt1734493,0,0,
tt4399594,0,0,
tt4652164,0,0,
tt1935897,0,0,
tt4057632,0,0,
tt2140465,0,0,
tt5138018,0,0,
tt5265702,0,0,
tt4828680,0,0,
tt3577624,0,0,
tt5487052,0,0,
tt4467262,0,0,
tt4466864,0,0,
tt5229228,0,0,
tt0462335,0,0,
tt3065132,0,0,
tt3013610,0,0,
tt4835298,0,0,
tt4897822,0,0,
tt5545862,0,0,
tt5321942,0,0,
tt2749282,0,0,
tt5051390,0,0,
tt4247144,0,0,
tt3147312,0,0,
tt1837562,0,0,
tt0107612,0,0,
tt4363250,0,0,
tt3321300,0,0,
tt3512072,0,0,
tt5358570,0,0,
tt0118174,0,0,
tt4080728,0,0,
tt4080594,0,0,
tt4944352,0,0,
tt2056771,0,0,
tt3680410,0,0,
tt4835252,0,0,
tt4195368,0,0,
tt5505316,0,0,
tt4994718,0,0,
tt3289956,0,0,
tt5076214,0,0,
tt5111790,0,0,
tt2933338,0,0,
tt1995390,0,0,
tt4216908,0,0,
tt4585660,0,0,
tt5093754,0,0,
tt3345472,0,0,
tt3471098,0,0,
tt1727770,0,0,
tt3236120,0,0,
tt4695462,0,0,
tt5300948,0,0,
tt4727756,0,0,
tt4728338,0,0,
tt3754940,0,0,
tt2245003,0,0,
tt5138124,0,0,
tt0106771,0,0,
tt4141024,0,0,
tt4007558,0,0,
tt4428788,0,0,
tt5810776,0,0,
tt5083604,0,0,
tt5427032,0,0,
tt4161962,0,0,
tt4903518,0,0,
tt5127398,0,0,
tt3702652,0,0,
tt5644726,0,0,
tt2531318,0,0,
tt5066556,0,0,
tt0152930,0,0,
tt5078326,0,0,
tt0787524,0,0,
tt4104054,0,0,
tt4191054,0,0,
tt3544082,0,0,
tt4957446,0,0,
tt4273886,0,0,
tt3148502,0,0,
tt3756788,0,0,
tt4083850,0,0,
tt5154896,0,0,
tt3863870,0,0,
tt3660770,0,0,
tt4623812,0,0,
tt4618398,0,0,
tt4900716,0,0,
tt5465996,0,0,
tt4411504,0,0,
tt1291570,0,0,
tt5503266,0,0,
tt2870648,0,0,
tt4788638,0,0,
tt4400058,0,0,
tt3801934,0,0,
tt1929433,0,0,
tt3713944,0,0,
tt5114588,0,0,
tt0337611,0,0,
tt3168230,0,0,
tt2935476,0,0,
tt0117496,0,0,
tt4819560,0,0,
tt4979652,0,0,
tt3845232,0,0,
tt0078386,0,0,
tt0104291,0,0,
tt4074958,0,0,
tt4079152,0,0,
tt4657764,0,0,
tt5215952,0,0,
tt0441303,0,0,
tt4115932,0,0,
tt5596352,0,0,
tt3779028,0,0,
tt3594826,0,0,
tt2460860,0,0,
tt5297654,0,0,
tt4814354,0,0,
tt4967094,0,0,
tt1653700,0,0,
tt3197766,0,0,
tt4819498,0,0,
tt3702996,0,0,
tt5290882,0,0,
tt4701702,0,0,
tt4818250,0,0,
tt4242158,0,0,
tt4720702,0,0,
tt5363736,0,0,
tt4871018,0,0,
tt5952266,0,0,
tt5333518,0,0,
tt5278930,0,0,
tt5131914,0,0,
tt5957018,0,0,
tt6794424,0,0,
tt2990126,0,0,
tt5461798,0,0,
tt5463370,0,0,
tt5533990,0,0,
tt4976628,0,0,
tt5489948,0,0,
tt7297956,0,0,
tt6035294,0,0,
tt5332522,0,0,
tt0038574,0,0,
tt5952332,0,0,
tt4613576,0,0,
tt5876352,0,0,
tt5143704,0,0,
tt4435082,0,0,
tt5902670,0,0,
tt4138020,0,0,
tt3982826,0,0,
tt1328642,0,0,
tt2338774,0,0,
tt3124210,0,0,
tt5436158,0,0,
tt5986246,0,0,
tt6354648,0,0,
tt6069264,0,0,
tt6003734,0,0,
tt3221544,0,0,
tt3731176,0,0,
tt5927954,0,0,
tt4094598,0,0,
tt4578118,0,0,
tt6452216,0,0,
tt5098128,0,0,
tt4042814,0,0,
tt0126787,0,0,
tt6249904,0,0,
tt0056052,0,0,
tt4975280,0,0,
tt4276148,0,0,
tt5095472,0,0,
tt6236404,0,0,
tt4195278,0,0,
tt6324764,0,0,
tt2667380,0,0,
tt0274201,0,0,
tt6977240,0,0,
tt6710658,0,0,
tt5005454,0,0,
tt6419748,0,0,
tt5958304,0,0,
tt5592444,0,0,
tt5674686,0,0,
tt4524676,0,0,
tt6040012,0,0,
tt5033224,0,0,
tt5760484,0,0,
tt5390430,0,0,
tt5921198,0,0,
tt5026484,0,0,
tt5662990,0,0,
tt6266218,0,0,
tt5282462,0,0,
tt4497338,0,0,
tt6126312,0,0,
tt2634548,0,0,
tt4048698,0,0,
tt5120400,0,0,
tt6118366,0,0,
tt2589076,0,0,
tt1905040,0,0,
tt5541206,0,0,
tt5821424,0,0,
tt5926848,0,0,
tt4176556,0,0,
tt0790770,0,0,
tt3215826,0,0,
tt5816712,0,0,
tt0249617,0,0,
tt4545630,0,0,
tt3278224,0,0,
tt4499228,0,0,
tt6348136,0,0,
tt5357556,0,0,
tt6271264,0,0,
tt5677406,0,0,
tt4273326,0,0,
tt3533338,0,0,
tt6709480,0,0,
tt4079902,0,0,
tt5938234,0,0,
tt4875456,0,0,
tt5275844,0,0,
tt4715356,0,0,
tt4322714,0,0,
tt5700626,0,0,
tt6333284,0,0,
tt5632302,0,0,
tt4900708,0,0,
tt6080914,0,0,
tt6129048,0,0,
tt0813378,0,0,
tt1273219,0,0,
tt5638094,0,0,
tt4895790,0,0,
tt5106182,0,0,
tt4846318,0,0,
tt6777306,0,0,
tt3827684,0,0,
tt5371266,0,0,
tt5769080,0,0,
tt5843990,0,0,
tt3822896,0,0,
tt5935072,0,0,
tt2461520,0,0,
tt5797094,0,0,
tt4242100,0,0,
tt5096726,0,0,
tt4670016,0,0,
tt0074826,0,0,
tt5537614,0,0,
tt4469850,0,0,
tt1401621,0,0,
tt2693580,0,0,
tt6144536,0,0,
tt5243796,0,0,
tt4590092,0,0,
tt6781982,0,0,
tt3458118,0,0,
tt3615160,0,0,
tt3652964,0,0,
tt5061564,0,0,
tt3105662,0,0,
tt4764380,0,0,
tt5615222,0,0,
tt4603104,0,0,
tt4642386,0,0,
tt5860564,0,0,
tt5671264,0,0,
tt5376196,0,0,
tt6094944,0,0,
tt5860084,0,0,
tt4079332,0,0,
tt5644478,0,0,
tt5340534,0,0,
tt6298908,0,0,
tt4613254,0,0,
tt5370442,0,0,
tt3455830,0,0,
tt5419742,0,0,
tt4371680,0,0,
tt3300932,0,0,
tt3174842,0,0,
tt5915304,0,0,
tt6642482,0,0,
tt3172126,0,0,
tt5326364,0,0,
tt4729990,0,0,
tt3566718,0,0,
tt5350800,0,0,
tt5610172,0,0,
tt0064620,0,0,
tt0332458,0,0,
tt3564122,0,0,
tt5241356,0,0,
tt3123004,0,0,
tt5278458,0,0,
tt4011010,0,0,
tt5214738,0,0,
tt4633662,0,0,
tt5180284,0,0,
tt0091925,0,0,
tt4866448,0,0,
tt5328350,0,0,
tt6158604,0,0,
tt4875774,0,0,
tt6441084,0,0,
tt5612148,0,0,
tt5777584,0,0,
tt5598764,0,0,
tt4917622,0,0,
tt6593532,0,0,
tt5133392,0,0,
tt5774904,0,0,
tt4438844,0,0,
tt5350584,0,0,
tt4991384,0,0,
tt6794376,0,0,
tt5814958,0,0,
tt6159054,0,0,
tt6449820,0,0,
tt5756242,0,0,
tt1182615,0,0,
tt5359624,0,0,
tt5670382,0,0,
tt4142090,0,0,
tt5471480,0,0,
tt4552700,0,0,
tt4554186,0,0,
tt5470724,0,0,
tt4938484,0,0,
tt4633340,0,0,
tt5335394,0,0,
tt4682708,0,0,
tt5769238,0,0,
tt6794464,0,0,
tt6296236,0,0,
tt3464290,0,0,
tt6330438,0,0,
tt4093700,0,0,
tt4601102,0,0,
tt6287794,0,0,
tt1290138,0,0,
tt4439784,0,0,
tt4971382,0,0,
tt4805316,0,0,
tt1522857,0,0,
tt3721462,0,0,
tt5459644,0,0,
tt5370358,0,0,
tt5673792,0,0,
tt4305148,0,0,
tt5525310,0,0,
tt6497898,0,0,
tt3954660,0,0,
tt4652650,0,0,
tt1183374,0,0,
tt5160928,0,0,
tt0365043,0,0,
tt2535654,0,0,
tt5777992,0,0,
tt5457078,0,0,
tt5514372,0,0,
tt5535436,0,0,
tt7135152,0,0,
tt5959700,0,0,
tt5375324,0,0,
tt5951704,0,0,
tt4685270,0,0,
tt5680678,0,0,
tt5590718,0,0,
tt3777860,0,0,
tt5278932,0,0,
tt6542176,0,0,
tt6054758,0,0,
tt5231812,0,0,
tt3059304,0,0,
tt4330706,0,0,
tt3480158,0,0,
tt5121548,0,0,
tt0143334,0,0,
tt6213996,0,0,
tt5140182,0,0,
tt6100110,0,0,
tt0308055,0,0,
tt5545674,0,0,
tt6268114,0,0,
tt3993350,0,0,
tt5755634,0,0,
tt6335734,0,0,
tt5522416,0,0,
tt5157886,0,0,
tt4731504,0,0,
tt4857596,0,0,
tt4660172,0,0,
tt5278578,0,0,
tt4910718,0,0,
tt5038358,0,0,
tt4516352,0,0,
tt5144744,0,0,
tt5599906,0,0,
tt4111826,0,0,
tt4322510,0,0,
tt5258306,0,0,
tt4741466,0,0,
tt3352034,0,0,
tt4625334,0,0,
tt6076366,0,0,
tt1098210,0,0,
tt5452964,0,0,
tt5893480,0,0,
tt6107412,0,0,
tt5752360,0,0,
tt4832248,0,0,
tt4768926,0,0,
tt5495270,0,0,
tt5959952,0,0,
tt5451054,0,0,
tt4771932,0,0,
tt5026204,0,0,
tt5649762,0,0,
tt4467176,0,0,
tt6087086,0,0,
tt6188658,0,0,
tt5743858,0,0,
tt3339534,0,0,
tt2582498,0,0,
tt4840098,0,0,
tt6401072,0,0,
tt6027344,0,0,
tt5278464,0,0,
tt0103266,0,0,
tt3319844,0,0,
tt5535814,0,0,
tt3044562,0,0,
tt6287174,0,0,
tt5272796,0,0,
tt5843670,0,0,
tt2759372,0,0,
tt4494094,0,0,
tt6258486,0,0,
tt5525790,0,0,
tt3445580,0,0,
tt5226330,0,0,
tt3865238,0,0,
tt3704700,0,0,
tt3917908,0,0,
tt5914350,0,0,
tt3177086,0,0,
tt4983736,0,0,
tt4673790,0,0,
tt5314450,0,0,
tt4538016,0,0,
tt5146068,0,0,
tt1262990,0,0,
tt5297140,0,0,
tt5086772,0,0,
tt0313965,0,0,
tt4058122,0,0,
tt5988898,0,0,
tt4010862,0,0,
tt6385842,0,0,
tt3842614,0,0,
tt5765144,0,0,
tt6059142,0,0,
tt5287852,0,0,
tt4675030,0,0,
tt5912454,0,0,
tt5698496,0,0,
tt4213832,0,0,
tt5569614,0,0,
tt6448498,0,0,
tt5954088,0,0,
tt5535726,0,0,
tt5747466,0,0,
tt0317352,0,0,
tt6333066,0,0,
tt4647900,0,0,
tt4715652,0,0,
tt5341446,0,0,
tt5328784,0,0,
tt5719232,0,0,
tt5021712,0,0,
tt5182856,0,0,
tt5378224,0,0,
tt4589186,0,0,
tt5695668,0,0,
tt4911876,0,0,
tt2170427,0,0,
tt1558259,0,0,
tt4159698,0,0,
tt6211580,0,0,
tt3778010,0,0,
tt4222028,0,0,
tt3886508,0,0,
tt5829040,0,0,
tt2355695,0,0,
tt3489996,0,0,
tt4118932,0,0,
tt5070130,0,0,
tt4872260,0,0,
tt4303340,0,0,
tt1993050,0,0,
tt5842022,0,0,
tt5783124,0,0,
tt6098134,0,0,
tt5458566,0,0,
tt5851492,0,0,
tt5016028,0,0,
tt4637050,0,0,
tt5278592,0,0,
tt5225338,0,0,
tt5830248,0,0,
tt5039088,0,0,
tt5341052,0,0,
tt5980798,0,0,
tt5973364,0,0,
tt5340516,0,0,
tt0279187,0,0,
tt5347158,0,0,
tt6088634,0,0,
tt4641264,0,0,
tt2091245,0,0,
tt5788462,0,0,
tt3127902,0,0,
tt5803868,0,0,
tt4424722,0,0,
tt5191938,0,0,
tt5065762,0,0,
tt0119505,0,0,
tt8016466,0,0,
tt6197028,0,0,
tt6264782,0,0,
tt4118606,0,0,
tt0039174,0,0,
tt5717110,0,0,
tt4872078,0,0,
tt5112578,0,0,
tt5147214,0,0,
tt4662420,0,0,
tt5633706,0,0,
tt5778060,0,0,
tt6680116,0,0,
tt5599702,0,0,
tt6421366,0,0,
tt6114606,0,0,
tt5829116,0,0,
tt6562798,0,0,
tt4532818,0,0,
tt5900208,0,0,
tt4836736,0,0,
tt5840448,0,0,
tt6476532,0,0,
tt4699444,0,0,
tt4373956,0,0,
tt5599818,0,0,
tt6447766,0,0,
tt4637878,0,0,
tt2814628,0,0,
tt5068628,0,0,
tt5335128,0,0,
tt5275838,0,0,
tt5718290,0,0,
tt5271442,0,0,
tt4741774,0,0,
tt6122194,0,0,
tt4528454,0,0,
tt5936692,0,0,
tt3424690,0,0,
tt5852632,0,0,
tt4196832,0,0,
tt6271110,0,0,
tt5254640,0,0,
tt4072326,0,0,
tt0120550,0,0,
tt3037164,0,0,
tt5281700,0,0,
tt3322892,0,0,
tt4552524,0,0,
tt1847672,0,0,
tt4555674,0,0,
tt4229298,0,0,
tt4777584,0,0,
tt5880296,0,0,
tt6333070,0,0,
tt4677924,0,0,
tt6054058,0,0,
tt4728386,0,0,
tt4485246,0,0,
tt2787570,0,0,
tt5777808,0,0,
tt4990516,0,0,
tt5323640,0,0,
tt6611028,0,0,
tt3663020,0,0,
tt5439426,0,0,
tt5333612,0,0,
tt5625152,0,0,
tt6725484,0,0,
tt5074552,0,0,
tt3384350,0,0,
tt4419364,0,0,
tt6370266,0,0,
tt4536768,0,0,
tt5833730,0,0,
tt4181270,0,0,
tt5096628,0,0,
tt3409848,0,0,
tt6317052,0,0,
tt5450570,0,0,
tt4680196,0,0,
tt5290620,0,0,
tt5298558,0,0,
tt0421994,0,0,
tt5606268,0,0,
tt4789160,0,0,
tt5820812,0,0,
tt3564574,0,0,
tt5925968,0,0,
tt5536398,0,0,
tt4627352,0,0,
tt6107852,0,0,
tt4875150,0,0,
tt5186236,0,0,
tt5252396,0,0,
tt5943306,0,0,
tt3608930,0,0,
tt5975354,0,0,
tt5389922,0,0,
tt6056644,0,0,
tt6299040,0,0,
tt5975242,0,0,
tt6712026,0,0,
tt5756188,0,0,
tt6599064,0,0,
tt2610248,0,0,
tt5011242,0,0,
tt6340112,0,0,
tt5599692,0,0,
tt5598206,0,0,
tt5265960,0,0,
tt5713232,0,0,
tt5804946,0,0,
tt6338476,0,0,
tt5755912,0,0,
tt5432624,0,0,
tt7236640,0,0,
tt5253282,0,0,
tt5822414,0,0,
tt4671772,0,0,
tt4442604,0,0,
tt4382824,0,0,
tt3853830,0,0,
tt4265508,0,0,
tt4628826,0,0,
tt4747848,0,0,
tt5352802,0,0,
tt5821256,0,0,
tt5462326,0,0,
tt5597946,0,0,
tt5755796,0,0,
tt5039860,0,0,
tt4381236,0,0,
tt5937296,0,0,
tt0116631,0,0,
tt4446472,0,0,
tt5279204,0,0,
tt5538568,0,0,
tt4054654,0,0,
tt3913194,0,0,
tt3726012,0,0,
tt2417712,0,0,
tt5892354,0,0,
tt5275866,0,0,
tt5652594,0,0,
tt3481634,0,0,
tt3551954,0,0,
tt4451458,0,0,
tt5270366,0,0,
tt4378066,0,0,
tt5173032,0,0,
tt4061944,0,0,
tt5326138,0,0,
tt5129682,0,0,
tt4779036,0,0,
tt6125690,0,0,
tt6170954,0,0,
tt4819510,0,0,
tt5084198,0,0,
tt6544850,0,0,
tt5649856,0,0,
tt2401585,0,0,
tt4572820,0,0,
tt4467626,0,0,
tt4687410,0,0,
tt2474932,0,0,
tt6194934,0,0,
tt0102744,0,0,
tt5917052,0,0,
tt5475022,0,0,
tt6677500,0,0,
tt4929038,0,0,
tt3584954,0,0,
tt4372736,0,0,
tt5556784,0,0,
tt2262315,0,0,
tt2923088,0,0,
tt5129510,0,0,
tt7399726,0,0,
tt3165612,0,0,
tt5756058,0,0,
tt5129674,0,0,
tt3844876,0,0,
tt6397530,0,0,
tt5154288,0,0,
tt5259134,0,0,
tt5154310,0,0,
tt5518022,0,0,
tt3567666,0,0,
tt4176928,0,0,
tt5920348,0,0,
tt6333058,0,0,
tt5278462,0,0,
tt4170344,0,0,
tt4514646,0,0,
tt5706568,0,0,
tt6141468,0,0,
tt3330764,0,0,
tt4811564,0,0,
tt5084196,0,0,
tt4365518,0,0,
tt5477402,0,0,
tt5370828,0,0,
tt4211044,0,0,
tt5117222,0,0,
tt1964848,0,0,
tt5310090,0,0,
tt5278868,0,0,
tt3282712,0,0,
tt5341098,0,0,
tt5375040,0,0,
tt6133048,0,0,
tt5317228,0,0,
tt1725969,0,0,
tt3923388,0,0,
tt5446858,0,0,
tt3522734,0,0,
tt1945228,0,0,
tt5952382,0,0,
tt5736290,0,0,
tt5287168,0,0,
tt4656810,0,0,
tt5226436,0,0,
tt4104354,0,0,
tt5995448,0,0,
tt6186738,0,0,
tt5066818,0,0,
tt5255284,0,0,
tt5774012,0,0,
tt6608386,0,0,
tt5952468,0,0,
tt4085484,0,0,
tt4273292,0,0,
tt7521400,0,0,
tt5096600,0,0,
tt5072406,0,0,
tt5235880,0,0,
tt5215486,0,0,
tt5371832,0,0,
tt5894778,0,0,
tt4771160,0,0,
tt6522398,0,0,
tt5234510,0,0,
tt3740066,0,0,
tt5598172,0,0,
tt6079160,0,0,
tt3809478,0,0,
tt6842524,0,0,
tt6130166,0,0,
tt5903708,0,0,
tt6865478,0,0,
tt5119264,0,0,
tt4778500,0,0,
tt6163356,0,0,
tt3100274,0,0,
tt4255304,0,0,
tt5918074,0,0,
tt6021894,0,0,
tt5029668,0,0,
tt4034208,0,0,
tt5929226,0,0,
tt2137241,0,0,
tt4704422,0,0,
tt4884914,0,0,
tt4653272,0,0,
tt3531176,0,0,
tt3601350,0,0,
tt4197642,0,0,
tt5934126,0,0,
tt6002522,0,0,
tt5372466,0,0,
tt4379536,0,0,
tt5907916,0,0,
tt4017052,0,0,
tt5337758,0,0,
tt6419434,0,0,
tt6450178,0,0,
tt6129730,0,0,
tt5612576,0,0,
tt0347690,0,0,
tt4840554,0,0,
tt4741708,0,0,
tt6176928,0,0,
tt3896738,0,0,
tt5333110,0,0,
tt0088727,0,0,
tt5513718,0,0,
tt6475250,0,0,
tt4818804,0,0,
tt6500276,0,0,
tt4443658,0,0,
tt5776208,0,0,
tt7317404,0,0,
tt6333092,0,0,
tt6346162,0,0,
tt5789664,0,0,
tt6126294,0,0,
tt5966990,0,0,
tt6333056,0,0,
tt2516966,0,0,
tt1673702,0,0,
tt4626160,0,0,
tt2597892,0,0,
tt5721654,0,0,
tt4161564,0,0,
tt5787384,0,0,
tt4384088,0,0,
tt6750852,0,0,
tt5937770,0,0,
tt6536312,0,0,
tt6263828,0,0,
tt4874206,0,0,
tt4964772,0,0,
tt6559642,0,0,
tt3689910,0,0,
tt6559576,0,0,
tt4978710,0,0,
tt3652526,0,0,
tt4947738,0,0,
tt5163286,0,0,
tt4291700,0,0,
tt3784652,0,0,
tt2381213,0,0,
tt5529120,0,0,
tt6029366,0,0,
tt4228810,0,0,
tt4503096,0,0,
tt3908142,0,0,
tt5784568,0,0,
tt3844638,0,0,
tt5929796,0,0,
tt4866320,0,0,
tt6545250,0,0,
tt3914332,0,0,
tt6117130,0,0,
tt4895668,0,0,
tt3771536,0,0,
tt4694544,0,0,
tt4508542,0,0,
tt6334740,0,0,
tt3810760,0,0,
tt5247544,0,0,
tt5712152,0,0,
tt4926822,0,0,
tt3468352,0,0,
tt6864496,0,0,
tt4547514,0,0,
tt5725284,0,0,
tt4560008,0,0,
tt5846676,0,0,
tt4683366,0,0,
tt1691152,0,0,
tt5356804,0,0,
tt6082228,0,0,
tt6857312,0,0,
tt5931144,0,0,
tt6239130,0,0,
tt6048828,0,0,
tt5436082,0,0,
tt6423428,0,0,
tt6012792,0,0,
tt3121722,0,0,
tt3610746,0,0,
tt5259496,0,0,
tt3286560,0,0,
tt4820284,0,0,
tt6449696,0,0,
tt3913244,0,0,
tt3692652,0,0,
tt4857878,0,0,
tt3253232,0,0,
tt5207262,0,0,
tt5495726,0,0,
tt5247720,0,0,
tt5247192,0,0,
tt5662288,0,0,
tt3699354,0,0,
tt4781612,0,0,
tt5777628,0,0,
tt5923806,0,0,
tt4632440,0,0,
tt6192878,0,0,
tt1610525,0,0,
tt2800340,0,0,
tt5038372,0,0,
tt5869634,0,0,
tt5029208,0,0,
tt3845892,0,0,
tt5502946,0,0,
tt4558396,0,0,
tt3335606,0,0,
tt4746484,0,0,
tt4998772,0,0,
tt4225622,0,0,
tt4287434,0,0,
tt6261048,0,0,
tt5722116,0,0,
tt2315582,0,0,
tt4960594,0,0,
tt5202870,0,0,
tt6201292,0,0,
tt6412864,0,0,
tt5134588,0,0,
tt3568804,0,0,
tt5198944,0,0,
tt8128672,0,0,
tt5929890,0,0,
tt6023790,0,0,
tt4726636,0,0,
tt6569622,0,0,
tt4849176,0,0,
tt6282116,0,0,
tt1480285,0,0,
tt5324004,0,0,
tt5705058,0,0,
tt6086614,0,0,
tt5320892,0,0,
tt4809458,0,0,
tt5128712,0,0,
tt5878952,0,0,
tt4757160,0,0,
tt6739646,0,0,
tt5078354,0,0,
tt4680568,0,0,
tt1714917,0,0,
tt7351178,0,0,
tt5477608,0,0,
tt5534122,0,0,
tt6150988,0,0,
tt3847656,0,0,
tt4299300,0,0,
tt6082222,0,0,
tt5565152,0,0,
tt6146394,0,0,
tt6448192,0,0,
tt5286268,0,0,
tt3228088,0,0,
tt4687276,0,0,
tt0469897,0,0,
tt4513316,0,0,
tt6146080,0,0,
tt4911996,0,0,
tt4993964,0,0,
tt4632316,0,0,
tt4869974,0,0,
tt5298180,0,0,
tt4144190,0,0,
tt6085482,0,0,
tt6266984,0,0,
tt4106376,0,0,
tt4862478,0,0,
tt5112054,0,0,
tt5827496,0,0,
tt3397160,0,0,
tt5193790,0,0,
tt6229652,0,0,
tt3082854,0,0,
tt5275828,0,0,
tt2898306,0,0,
tt0042040,0,0,
tt5029776,0,0,
tt6857354,0,0,
tt4986134,0,0,
tt0080640,0,0,
tt4480494,0,0,
tt5775302,0,0,
tt4428762,0,0,
tt3708886,0,0,
tt5660320,0,0,
tt5606336,0,0,
tt5031998,0,0,
tt1781058,0,0,
tt4864932,0,0,
tt5492054,0,0,
tt6569546,0,0,
tt5440700,0,0,
tt6487050,0,0,
tt3622110,0,0,
tt5628012,0,0,
tt5528996,0,0,
tt5195412,0,0,
tt6446772,0,0,
tt5230166,0,0,
tt3467914,0,0,
tt6752848,0,0,
tt5734548,0,0,
tt5133308,0,0,
tt5304874,0,0,
tt4463762,0,0,
tt0083233,0,0,
tt5513260,0,0,
tt5526660,0,0,
tt4834220,0,0,
tt5954304,0,0,
tt5024766,0,0,
tt5753212,0,0,
tt5662556,0,0,
tt0185673,0,0,
tt6409994,0,0,
tt4923200,0,0,
tt5663624,0,0,
tt0778867,0,0,
tt5746178,0,0,
tt5974388,0,0,
tt1247700,0,0,
tt6212346,0,0,
tt5459730,0,0,
tt2936884,0,0,
tt6615580,0,0,
tt4714568,0,0,
tt5278506,0,0,
tt6389310,0,0,
tt5456104,0,0,
tt4562518,0,0,
tt5737862,0,0,
tt5893264,0,0,
tt4779026,0,0,
tt4630550,0,0,
tt5205256,0,0,
tt6029122,0,0,
tt5295358,0,0,
tt4621630,0,0,
tt5990474,0,0,
tt6409666,0,0,
tt6373590,0,0,
tt5223624,0,0,
tt5768558,0,0,
tt0023871,0,0,
tt5914618,0,0,
tt5187548,0,0,
tt5985820,0,0,
tt4919484,0,0,
tt5859238,0,0,
tt6445396,0,0,
tt5091612,0,0,
tt5775220,0,0,
tt5220590,0,0,
tt6289452,0,0,
tt4482938,0,0,
tt6129232,0,0,
tt5589816,0,0,
tt5186860,0,0,
tt5097070,0,0,
tt5345806,0,0,
tt3234084,0,0,
tt6126428,0,0,
tt3026488,0,0,
tt5066598,0,0,
tt5358714,0,0,
tt4731132,0,0,
tt3415992,0,0,
tt4947710,0,0,
tt6229852,0,0,
tt6573444,0,0,
tt5003186,0,0,
tt5338222,0,0,
tt5245062,0,0,
tt0046547,0,0,
tt5974460,0,0,
tt5579650,0,0,
tt4181782,0,0,
tt4949254,0,0,
tt5671310,0,0,
tt6420776,0,0,
tt5295838,0,0,
tt4746506,0,0,
tt2291540,0,0,
tt3679060,0,0,
tt2538222,0,0,
tt6204874,0,0,
tt5294966,0,0,
tt1710417,0,0,
tt5488854,0,0,
tt5042436,0,0,
tt0119099,0,0,
tt2093991,0,0,
tt6690234,0,0,
tt5722234,0,0,
tt5213534,0,0,
tt4978274,0,0,
tt5876318,0,0,
tt6082818,0,0,
tt5991206,0,0,
tt5834660,0,0,
tt3829276,0,0,
tt6237224,0,0,
tt3868240,0,0,
tt5654282,0,0,
tt5637542,0,0,
tt5176632,0,0,
tt5226378,0,0,
tt6602928,0,0,
tt7034918,0,0,
tt6214734,0,0,
tt5159414,0,0,
tt3958780,0,0,
tt5319866,0,0,
tt4809396,0,0,
tt5320518,0,0,
tt6016710,0,0,
tt5222918,0,0,
tt6289394,0,0,
tt4647784,0,0,
tt3296156,0,0,
tt5635086,0,0,
tt3319730,0,0,
tt2718028,0,0,
tt4568328,0,0,
tt6333086,0,0,
tt5490310,0,0,
tt5061162,0,0,
tt5091014,0,0,
tt4370784,0,0,
tt5050904,0,0,
tt4698584,0,0,
tt3655972,0,0,
tt1895315,0,0,
tt6605830,0,0,
tt6284414,0,0,
tt6419442,0,0,
tt5089786,0,0,
tt4787478,0,0,
tt5741902,0,0,
tt6042446,0,0,
tt0396042,0,0,
tt5348236,0,0,
tt5770620,0,0,
tt6281650,0,0,
tt4559046,0,0,
tt5433520,0,0,
tt5816076,0,0,
tt6085308,0,0,
tt6461526,0,0,
tt5154466,0,0,
tt5614984,0,0,
tt5629964,0,0,
tt4300480,0,0,
tt4240406,0,0,
tt6555772,0,0,
tt5023260,0,0,
tt4778988,0,0,
tt5218346,0,0,
tt5719222,0,0,
tt6011884,0,0,
tt6360332,0,0,
tt6167646,0,0,
tt5827896,0,0,
tt4110400,0,0,
tt5029608,0,0,
tt5639354,0,0,
tt6507954,0,0,
tt5974052,0,0,
tt0408017,0,0,
tt5535942,0,0,
tt4835086,0,0,
tt5122374,0,0,
tt6281538,0,0,
tt5962210,0,0,
tt5953674,0,0,
tt4846232,0,0,
tt5764024,0,0,
tt5563932,0,0,
tt5121816,0,0,
tt5425264,0,0,
tt5927352,0,0,
tt5270810,0,0,
tt5897288,0,0,
tt5351818,0,0,
tt4193394,0,0,
tt5465370,0,0,
tt5502766,0,0,
tt5730150,0,0,
tt5526456,0,0,
tt1227183,0,0,
tt4573516,0,0,
tt5985288,0,0,
tt6197094,0,0,
tt5655222,0,0,
tt5263116,0,0,
tt4291600,0,0,
tt4420704,0,0,
tt6273998,0,0,
tt3882074,0,0,
tt6340296,0,0,
tt0134633,0,0,
tt6770758,0,0,
tt4680182,0,0,
tt4827986,0,0,
tt5934922,0,0,
tt5162658,0,0,
tt6095722,0,0,
tt5617254,0,0,
tt5715874,0,0,
tt5186714,0,0,
tt5591458,0,0,
tt6464252,0,0,
tt0475669,0,0,
tt5684550,0,0,
tt0342272,0,0,
tt5874548,0,0,
tt6857280,0,0,
tt3137630,0,0,
tt0179861,0,0,
tt6313158,0,0,
tt6215910,0,0,
tt4191702,0,0,
tt4356480,0,0,
tt3567194,0,0,
tt5207204,0,0,
tt5153236,0,0,
tt4958468,0,0,
tt5598100,0,0,
tt4901798,0,0,
tt5467852,0,0,
tt6449114,0,0,
tt5595168,0,0,
tt3666024,0,0,
tt5714554,0,0,
tt5973508,0,0,
tt2720826,0,0,
tt4806012,0,0,
tt6150238,0,0,
tt6085872,0,0,
tt4922692,0,0,
tt5882704,0,0,
tt4621872,0,0,
tt3823116,0,0,
tt5589768,0,0,
tt5515022,0,0,
tt2800050,0,0,
tt5104604,0,0,
tt4778106,0,0,
tt5187816,0,0,
tt6518634,0,0,
tt4685554,0,0,
tt5191238,0,0,
tt6777338,0,0,
tt6599340,0,0,
tt4788722,0,0,
tt1778258,0,0,
tt5168192,0,0,
tt5315110,0,0,
tt2277308,0,0,
tt3721954,0,0,
tt4977530,0,0,
tt6137734,0,0,
tt6033150,0,0,
tt5058340,0,0,
tt4686844,0,0,
tt5190872,0,0,
tt5472374,0,0,
tt5840988,0,0,
tt4799066,0,0,
tt5029602,0,0,
tt4899370,0,0,
tt7037566,0,0,
tt5538800,0,0,
tt5269396,0,0,
tt5992138,0,0,
tt3741632,0,0,
tt5500148,0,0,
tt6903980,0,0,
tt6315750,0,0,
tt6731636,0,0,
tt5618870,0,0,
tt5253294,0,0,
tt5251328,0,0,
tt6437820,0,0,
tt6113488,0,0,
tt5918028,0,0,
tt6848094,0,0,
tt5665040,0,0,
tt6399158,0,0,
tt5599016,0,0,
tt0423409,0,0,
tt2182095,0,0,
tt0420293,0,0,
tt4901306,0,0,
tt6690310,0,0,
tt5259966,0,0,
tt6277440,0,0,
tt4629266,0,0,
tt4169250,0,0,
tt6439558,0,0,
tt2504580,0,0,
tt5956006,0,0,
tt6167014,0,0,
tt4559006,0,0,
tt5657028,0,0,
tt0415872,0,0,
tt5562066,0,0,
tt1029097,0,0,
tt5323662,0,0,
tt5078204,0,0,
tt6302160,0,0,
tt4926538,0,0,
tt2112096,0,0,
tt5425144,0,0,
tt6091936,0,0,
tt4862468,0,0,
tt6175078,0,0,
tt4076934,0,0,
tt1010409,0,0,
tt5912470,0,0,
tt4795124,0,0,
tt5516464,0,0,
tt2402565,0,0,
tt5918090,0,0,
tt6857250,0,0,
tt5896962,0,0,
tt2186715,0,0,
tt6152908,0,0,
tt4960242,0,0,
tt5354664,0,0,
tt6447952,0,0,
tt6044910,0,0,
tt5311514,0,0,
tt4460624,0,0,
tt6653174,0,0,
tt5796516,0,0,
tt6289006,0,0,
tt2238758,0,0,
tt4443922,0,0,
tt5686504,0,0,
tt5159408,0,0,
tt2024521,0,0,
tt4791984,0,0,
tt4669278,0,0,
tt6645154,0,0,
tt7244092,0,0,
tt0965367,0,0,
tt6951594,0,0,
tt5764816,0,0,
tt2916468,0,0,
tt5867800,0,0,
tt7379362,0,0,
tt6895800,0,0,
tt7172308,0,0,
tt6286796,0,0,
tt5334276,0,0,
tt7135738,0,0,
tt7411370,0,0,
tt0107668,0,0,
tt7111614,0,0,
tt7737502,0,0,
tt5194504,0,0,
tt4615318,0,0,
tt4623726,0,0,
tt4423778,0,0,
tt5653514,0,0,
tt7759320,0,0,
tt5611946,0,0,
tt7165454,0,0,
tt6484956,0,0,
tt5465642,0,0,
tt3511928,0,0,
tt5509412,0,0,
tt7494152,0,0,
tt6803974,0,0,
tt7510870,0,0,
tt6436888,0,0,
tt6627466,0,0,
tt6763794,0,0,
tt4493550,0,0,
tt6940692,0,0,
tt6777114,0,0,
tt6980792,0,0,
tt0406378,0,0,
tt6278350,0,0,
tt7088344,0,0,
tt6515470,0,0,
tt6177152,0,0,
tt7010156,0,0,
tt7173340,0,0,
tt5936484,0,0,
tt7297844,0,0,
tt7373746,0,0,
tt0337587,0,0,
tt7675422,0,0,
tt1859517,0,0,
tt6075734,0,0,
tt7088108,0,0,
tt5836316,0,0,
tt6577798,0,0,
tt7357302,0,0,
tt3758852,0,0,
tt4307132,0,0,
tt4948838,0,0,
tt6097278,0,0,
tt7512592,0,0,
tt6486630,0,0,
tt4843618,0,0,
tt6891482,0,0,
tt6612512,0,0,
tt5540194,0,0,
tt0054003,0,0,
tt6622186,0,0,
tt5356274,0,0,
tt7207156,0,0,
tt5843574,0,0,
tt5460530,0,0,
tt3025774,0,0,
tt7111828,0,0,
tt4633690,0,0,
tt6006456,0,0,
tt6532954,0,0,
tt1868059,0,0,
tt6597688,0,0,
tt8050610,0,0,
tt7385134,0,0,
tt6941560,0,0,
tt7164720,0,0,
tt6346952,0,0,
tt5433330,0,0,
tt7254046,0,0,
tt7202976,0,0,
tt6679058,0,0,
tt4423984,0,0,
tt6597488,0,0,
tt0122189,0,0,
tt5989394,0,0,
tt6141686,0,0,
tt6802360,0,0,
tt5833186,0,0,
tt6137166,0,0,
tt6101458,0,0,
tt7550816,0,0,
tt6286668,0,0,
tt6391732,0,0,
tt6872330,0,0,
tt6302050,0,0,
tt6892468,0,0,
tt6444838,0,0,
tt4552546,0,0,
tt3474438,0,0,
tt7375556,0,0,
tt6034940,0,0,
tt5461956,0,0,
tt7701650,0,0,
tt7838228,0,0,
tt0107833,0,0,
tt2163203,0,0,
tt4764372,0,0,
tt7317342,0,0,
tt4702346,0,0,
tt0398716,0,0,
tt6091028,0,0,
tt5135206,0,0,
tt5570086,0,0,
tt7890942,0,0,
tt4400994,0,0,
tt7179474,0,0,
tt5460068,0,0,
tt5842890,0,0,
tt6722870,0,0,
tt6175710,0,0,
tt6084472,0,0,
tt0076786,0,0,
tt0083552,0,0,
tt5129604,0,0,
tt6750100,0,0,
tt5197742,0,0,
tt6270936,0,0,
tt6644636,0,0,
tt6260610,0,0,
tt6876356,0,0,
tt7211972,0,0,
tt6212984,0,0,
tt6642396,0,0,
tt8053258,0,0,
tt7277680,0,0,
tt6582458,0,0,
tt7297586,0,0,
tt5048406,0,0,
tt6253214,0,0,
tt2955304,0,0,
tt4830786,0,0,
tt7340684,0,0,
tt7128254,0,0,
tt3407614,0,0,
tt7479144,0,0,
tt6112534,0,0,
tt6895746,0,0,
tt5325030,0,0,
tt7660966,0,0,
tt5239942,0,0,
tt6733150,0,0,
tt5933560,0,0,
tt6805366,0,0,
tt3204632,0,0,
tt6990770,0,0,
tt6006666,0,0,
tt6794462,0,0,
tt5446444,0,0,
tt5271264,0,0,
tt6214294,0,0,
tt1720621,0,0,
tt1366419,0,0,
tt6153962,0,0,
tt5489004,0,0,
tt5493404,0,0,
tt2984576,0,0,
tt7756082,0,0,
tt5373854,0,0,
tt7585620,0,0,
tt7260048,0,0,
tt7505152,0,0,
tt6771678,0,0,
tt6094970,0,0,
tt0257568,0,0,
tt7642890,0,0,
tt4381588,0,0,
tt1131728,0,0,
tt4851076,0,0,
tt6359554,0,0,
tt7190460,0,0,
tt7154282,0,0,
tt6904340,0,0,
tt5256098,0,0,
tt5047400,0,0,
tt6814914,0,0,
tt6076226,0,0,
tt6138680,0,0,
tt5969404,0,0,
tt6980804,0,0,
tt4792524,0,0,
tt6206834,0,0,
tt5089534,0,0,
tt6723182,0,0,
tt6425446,0,0,
tt6763252,0,0,
tt6082630,0,0,
tt0056265,0,0,
tt4952054,0,0,
tt6105880,0,0,
tt7322850,0,0,
tt6180770,0,0,
tt4489562,0,0,
tt0113939,0,0,
tt5578538,0,0,
tt6730898,0,0,
tt6789174,0,0,
tt3463106,0,0,
tt5836866,0,0,
tt5126922,0,0,
tt6982632,0,0,
tt1592139,0,0,
tt7262206,0,0,
tt6973496,0,0,
tt7322816,0,0,
tt6471054,0,0,
tt6535926,0,0,
tt5669936,0,0,
tt5544662,0,0,
tt7017474,0,0,
tt6475354,0,0,
tt5119268,0,0,
tt6735754,0,0,
tt5598160,0,0,
tt6737766,0,0,
tt5642124,0,0,
tt7738594,0,0,
tt6734886,0,0,
tt6651732,0,0,
tt5674698,0,0,
tt4119192,0,0,
tt5894846,0,0,
tt7086512,0,0,
tt7580570,0,0,
tt4148022,0,0,
tt0067952,0,0,
tt7215388,0,0,
tt6207096,0,0,
tt7156144,0,0,
tt5969846,0,0,
tt7135128,0,0,
tt1680140,0,0,
tt5710688,0,0,
tt6033536,0,0,
tt6520634,0,0,
tt7689226,0,0,
tt3037136,0,0,
tt6687748,0,0,
tt0117190,0,0,
tt6280328,0,0,
tt7382726,0,0,
tt4287778,0,0,
tt6058136,0,0,
tt5795086,0,0,
tt5279122,0,0,
tt7301070,0,0,
tt7102426,0,0,
tt3582020,0,0,
tt6214084,0,0,
tt7035336,0,0,
tt2290828,0,0,
tt6223974,0,0,
tt7190418,0,0,
tt7567288,0,0,
tt6764122,0,0,
tt5891122,0,0,
tt6096884,0,0,
tt7012342,0,0,
tt6464290,0,0,
tt5120042,0,0,
tt6143422,0,0,
tt7297954,0,0,
tt7797658,0,0,
tt4540384,0,0,
tt5900988,0,0,
tt5658242,0,0,
tt2707810,0,0,
tt6981046,0,0,
tt6166002,0,0,
tt6069668,0,0,
tt6659652,0,0,
tt7315798,0,0,
tt7790898,0,0,
tt7117812,0,0,
tt6896378,0,0,
tt6282540,0,0,
tt6000744,0,0,
tt2749334,0,0,
tt5259236,0,0,
tt4602342,0,0,
tt6136778,0,0,
tt7347302,0,0,
tt6920220,0,0,
tt7686876,0,0,
tt5934402,0,0,
tt6185674,0,0,
tt5989220,0,0,
tt6689734,0,0,
tt5933966,0,0,
tt4372240,0,0,
tt6947294,0,0,
tt7514302,0,0,
tt6165466,0,0,
tt6947528,0,0,
tt7060460,0,0,
tt5247026,0,0,
tt6264914,0,0,
tt6256056,0,0,
tt6237984,0,0,
tt6750962,0,0,
tt4913810,0,0,
tt7900134,0,0,
tt3268850,0,0,
tt5862296,0,0,
tt5999530,0,0,
tt7454138,0,0,
tt5450328,0,0,
tt4073682,0,0,
tt5913786,0,0,
tt4464394,0,0,
tt5617172,0,0,
tt6997642,0,0,
tt6748042,0,0,
tt6899064,0,0,
tt2651724,0,0,
tt6597612,0,0,
tt6082608,0,0,
tt1492705,0,0,
tt4378628,0,0,
tt6802896,0,0,
tt7002122,0,0,
tt7263736,0,0,
tt5479616,0,0,
tt3296558,0,0,
tt6842752,0,0,
tt6423776,0,0,
tt6413712,0,0,
tt6315872,0,0,
tt7225360,0,0,
tt7262780,0,0,
tt2331047,0,0,
tt1712159,0,0,
tt6340090,0,0,
tt5631456,0,0,
tt5584796,0,0,
tt6213362,0,0,
tt7037156,0,0,
tt2387692,0,0,
tt5843838,0,0,
tt4853154,0,0,
tt6123206,0,0,
tt6447872,0,0,
tt6800942,0,0,
tt6213284,0,0,
tt6133414,0,0,
tt5932766,0,0,
tt0303068,0,0,
tt6777056,0,0,
tt7592758,0,0,
tt6996016,0,0,
tt7279296,0,0,
tt7625778,0,0,
tt5933840,0,0,
tt5361668,0,0,
tt5723774,0,0,
tt6922786,0,0,
tt4703048,0,0,
tt5375434,0,0,
tt4699202,0,0,
tt6392918,0,0,
tt4207112,0,0,
tt7104578,0,0,
tt7390216,0,0,
tt3244786,0,0,
tt6265536,0,0,
tt7555552,0,0,
tt6456222,0,0,
tt3674018,0,0,
tt6204340,0,0,
tt3945864,0,0,
tt7406186,0,0,
tt7548378,0,0,
tt5981304,0,0,
tt5220252,0,0,
tt7341406,0,0,
tt6616622,0,0,
tt6682904,0,0,
tt2586120,0,0,
tt3859272,0,0,
tt5808778,0,0,
tt7219324,0,0,
tt4967220,0,0,
tt7382572,0,0,
tt6347150,0,0,
tt6612178,0,0,
tt5420886,0,0,
tt3638960,0,0,
tt6080746,0,0,
tt5601582,0,0,
tt5818818,0,0,
tt6843600,0,0,
tt8069256,0,0,
tt5609734,0,0,
tt5700176,0,0,
tt6953274,0,0,
tt6053948,0,0,
tt7345034,0,0,
tt7526426,0,0,
tt7748432,0,0,
tt5699060,0,0,
tt7154994,0,0,
tt7151438,0,0,
tt5664676,0,0,
tt5927420,0,0,
tt6186232,0,0,
tt7625514,0,0,
tt6968542,0,0,
tt6890828,0,0,
tt6215712,0,0,
tt5001754,0,0,
tt7437462,0,0,
tt5247776,0,0,
tt7064498,0,0,
tt3338188,0,0,
tt7023596,0,0,
tt6697634,0,0,
tt6462506,0,0,
tt6750888,0,0,
tt7205938,0,0,
tt5711672,0,0,
tt6903200,0,0,
tt7471004,0,0,
tt5731132,0,0,
tt5891348,0,0,
tt6314766,0,0,
tt7291466,0,0,
tt4466544,0,0,
tt5883020,0,0,
tt6349528,0,0,
tt2179155,0,0,
tt6774212,0,0,
tt5540188,0,0,
tt4065094,0,0,
tt7518466,0,0,
tt6055082,0,0,
tt6473838,0,0,
tt7748226,0,0,
tt6209282,0,0,
tt6148156,0,0,
tt6797218,0,0,
tt5957120,0,0,
tt6009140,0,0,
tt6095616,0,0,
tt5902484,0,0,
tt6858470,0,0,
tt5778384,0,0,
tt4180286,0,0,
tt6781498,0,0,
tt6777260,0,0,
tt5592878,0,0,
tt7585674,0,0,
tt7130740,0,0,
tt7852910,0,0,
tt6889834,0,0,
tt4938782,0,0,
tt4365566,0,0,
tt6574246,0,0,
tt5777312,0,0,
tt6400316,0,0,
tt7042024,0,0,
tt6903636,0,0,
tt5991974,0,0,
tt5845758,0,0,
tt5692390,0,0,
tt4552486,0,0,
tt6467968,0,0,
tt0270549,0,0,
tt0098316,0,0,
tt5457686,0,0,
tt6155922,0,0,
tt7340764,0,0,
tt6580972,0,0,
tt6330052,0,0,
tt6522546,0,0,
tt6217664,0,0,
tt6588966,0,0,
tt7690466,0,0,
tt6941654,0,0,
tt5467554,0,0,
tt5156274,0,0,
tt7051286,0,0,
tt6511676,0,0,
tt4134826,0,0,
tt7024288,0,0,
tt6710606,0,0,
tt5785016,0,0,
tt6333080,0,0,
tt5451690,0,0,
tt6343058,0,0,
tt7489844,0,0,
tt3268340,0,0,
tt6194984,0,0,
tt5225382,0,0,
tt5628418,0,0,
tt2766104,0,0,
tt5041296,0,0,
tt5732530,0,0,
tt6869782,0,0,
tt6195094,0,0,
tt6057032,0,0,
tt5922578,0,0,
tt0060315,0,0,
tt6962204,0,0,
tt7595528,0,0,
tt7215444,0,0,
tt4653492,0,0,
tt6006538,0,0,
tt3209826,0,0,
tt8069134,0,0,
tt7581902,0,0,
tt8009522,0,0,
tt7035468,0,0,
tt2582784,0,0,
tt3469798,0,0,
tt7133352,0,0,
tt4933410,0,0,
tt7126386,0,0,
tt7382828,0,0,
tt7093470,0,0,
tt3717804,0,0,
tt5784852,0,0,
tt6610280,0,0,
tt7717990,0,0,
tt6807074,0,0,
tt1699518,0,0,
tt6537508,0,0,
tt6417014,0,0,
tt5495040,0,0,
tt3901826,0,0,
tt6145612,0,0,
tt6878378,0,0,
tt3711510,0,0,
tt5084170,0,0,
tt5743888,0,0,
tt2090465,0,0,
tt7897324,0,0,
tt6680730,0,0,
tt7133340,0,0,
tt5432712,0,0,
tt5597198,0,0,
tt4823434,0,0,
tt6498644,0,0,
tt6264954,0,0,
tt5952238,0,0,
tt6604334,0,0,
tt8024556,0,0,
tt6873546,0,0,
tt6760956,0,0,
tt7189558,0,0,
tt5563330,0,0,
tt4054952,0,0,
tt4711924,0,0,
tt4399952,0,0,
tt5636222,0,0,
tt7081574,0,0,
tt6385856,0,0,
tt6505130,0,0,
tt6224676,0,0,
tt6397762,0,0,
tt7666582,0,0,
tt6180274,0,0,
tt6558114,0,0,
tt6867650,0,0,
tt6303866,0,0,
tt5815492,0,0,
tt7881954,0,0,
tt5503688,0,0,
tt7509680,0,0,
tt6650364,0,0,
tt0476735,0,0,
tt6103618,0,0,
tt7285772,0,0,
tt6299366,0,0,
tt6806524,0,0,
tt1441940,0,0,
tt6013154,0,0,
tt7435110,0,0,
tt6974196,0,0,
tt7370188,0,0,
tt7509020,0,0,
tt6758862,0,0,
tt0074252,0,0,
tt6847810,0,0,
tt7762982,0,0,
tt0157257,0,0,
tt6103702,0,0,
tt6882872,0,0,
tt4554212,0,0,
tt6546570,0,0,
tt6046754,0,0,
tt6839248,0,0,
tt7115920,0,0,
tt5031332,0,0,
tt3962984,0,0,
tt5805752,0,0,
tt5720558,0,0,
tt7372318,0,0,
tt5771710,0,0,
tt5607714,0,0,
tt5310412,0,0,
tt7773598,0,0,
tt6430360,0,0,
tt7648416,0,0,
tt0115031,0,0,
tt6601954,0,0,
tt6620324,0,0,
tt3780500,0,0,
tt7372728,0,0,
tt6045466,0,0,
tt7074258,0,0,
tt5914996,0,0,
tt4799064,0,0,
tt7512574,0,0,
tt1173494,0,0,
tt5784860,0,0,
tt7139246,0,0,
tt6102396,0,0,
tt3758172,0,0,
tt2620590,0,0,
tt6597246,0,0,
tt1141263,0,0,
tt6868684,0,0,
tt5693136,0,0,
tt7412572,0,0,
tt6470762,0,0,
tt3611266,0,0,
tt2369473,0,0,
tt5629340,0,0,
tt7531990,0,0,
tt6433624,0,0,
tt6512784,0,0,
tt5628792,0,0,
tt6018306,0,0,
tt2782692,0,0,
tt0270569,0,0,
tt7613398,0,0,
tt6489160,0,0,
tt5723272,0,0,
tt7250358,0,0,
tt5801026,0,0,
tt7446800,0,0,
tt6705140,0,0,
tt7359702,0,0,
tt5175450,0,0,
tt4494718,0,0,
tt1869347,0,0,
tt6173826,0,0,
tt6194520,0,0,
tt5749956,0,0,
tt5208216,0,0,
tt6982648,0,0,
tt6892276,0,0,
tt6493222,0,0,
tt6189344,0,0,
tt6356228,0,0,
tt7041458,0,0,
tt5687040,0,0,
tt7392244,0,0,
tt6845890,0,0,
tt7533878,0,0,
tt5804948,0,0,
tt5473090,0,0,
tt6711660,0,0,
tt0087233,0,0,
tt0460890,0,0,
tt4729754,0,0,
tt5598102,0,0,
tt7222296,0,0,
tt5593416,0,0,
tt5507934,0,0,
tt7794040,0,0,
tt7773446,0,0,
tt6131126,0,0,
tt6313734,0,0,
tt6015706,0,0,
tt1146438,0,0,
tt0129866,0,0,
tt6438030,0,0,
tt5803528,0,0,
tt7382668,0,0,
tt5991948,0,0,
tt7823036,0,0,
tt5742874,0,0,
tt7902704,0,0,
tt6809030,0,0,
tt6367558,0,0,
tt6876488,0,0,
tt6952604,0,0,
tt4126568,0,0,
tt2154649,0,0,
tt7221896,0,0,
tt6958212,0,0,
tt6505250,0,0,
tt8158828,0,0,
tt7251666,0,0,
tt7120532,0,0,
tt5164446,0,0,
tt6685596,0,0,
tt5342904,0,0,
tt6771402,0,0,
tt6265988,0,0,
tt5816044,0,0,
tt2824920,0,0,
tt5981944,0,0,
tt7549484,0,0,
tt6269658,0,0,
tt7204006,0,0,
tt5666304,0,0,
tt7541200,0,0,
tt7469726,0,0,
tt6424768,0,0,
tt7372916,0,0,
tt5697870,0,0,
tt7748244,0,0,
tt4682788,0,0,
tt6918790,0,0,
tt7533846,0,0,
tt6315790,0,0,
tt7730492,0,0,
tt5830200,0,0,
tt6132250,0,0,
tt7122350,0,0,
tt7207238,0,0,
tt6005206,0,0,
tt6892250,0,0,
tt7546486,0,0,
tt6193424,0,0,
tt5851904,0,0,
tt6133130,0,0,
tt7475284,0,0,
tt6973386,0,0,
tt5990956,0,0,
tt5442456,0,0,
tt6494344,0,0,
tt1220911,0,0,
tt6197484,0,0,
tt5187886,0,0,
tt7109106,0,0,
tt4932388,0,0,
tt7180544,0,0,
tt7273648,0,0,
tt4845078,0,0,
tt4610378,0,0,
tt7296234,0,0,
tt6134000,0,0,
tt5992202,0,0,
tt6485666,0,0,
tt4733640,0,0,
tt7763020,0,0,
tt1292644,0,0,
tt3848136,0,0,
tt5629524,0,0,
tt6153538,0,0,
tt6126346,0,0,
tt7121620,0,0,
tt7243750,0,0,
tt7483318,0,0,
tt5742374,0,0,
tt7479718,0,0,
tt7589670,0,0,
tt5765192,0,0,
tt7642878,0,0,
tt6380140,0,0,
tt7399470,0,0,
tt6809496,0,0,
tt6410564,0,0,
tt6054650,0,0,
tt6352548,0,0,
tt6405126,0,0,
tt6109124,0,0,
tt6306400,0,0,
tt6652708,0,0,
tt5884230,0,0,
tt5753552,0,0,
tt6917290,0,0,
tt6892340,0,0,
tt7628458,0,0,
tt7862330,0,0,
tt5649108,0,0,
tt3281920,0,0,
tt7205208,0,0,
tt5785116,0,0,
tt5897292,0,0,
tt0163456,0,0,
tt5785056,0,0,
tt6958030,0,0,
tt6484982,0,0,
tt6955130,0,0,
tt6304162,0,0,
tt5613834,0,0,
tt5912150,0,0,
tt7298700,0,0,
tt7110458,0,0,
tt5176252,0,0,
tt6449336,0,0,
tt6708044,0,0,
tt6848602,0,0,
tt5466186,0,0,
tt5542802,0,0,
tt7609180,0,0,
tt7119170,0,0,
tt6721848,0,0,
tt6917242,0,0,
tt1131724,0,0,
tt6982104,0,0,
tt6912580,0,0,
tt6903084,0,0,
tt6278008,0,0,
tt6872436,0,0,
tt0071885,0,0,
tt1935194,0,0,
tt7355718,0,0,
tt7619402,0,0,
tt5716464,0,0,
tt7668842,0,0,
tt6892400,0,0,
tt5934564,0,0,
tt4940416,0,0,
tt4995790,0,0,
tt5538704,0,0,
tt6951892,0,0,
tt0064506,0,0,
tt5862312,0,0,
tt6117702,0,0,
tt6314690,0,0,
tt6791730,0,0,
tt6772418,0,0,
tt7517054,0,0,
tt5690142,0,0,
tt5855440,0,0,
tt5473706,0,0,
tt1670627,0,0,
tt7535792,0,0,
tt7469972,0,0,
tt6971752,0,0,
tt6841500,0,0,
tt4640206,0,0,
tt7756494,0,0,
tt6892206,0,0,
tt3721964,0,0,
tt6890582,0,0,
tt4105584,0,0,
tt4494382,0,0,
tt6060156,0,0,
tt5804314,0,0,
tt5929750,0,0,
tt1653665,0,0,
tt7014318,0,0,
tt6727296,0,0,
tt4915672,0,0,
tt3685624,0,0,
tt6628228,0,0,
tt5991410,0,0,
tt1728130,0,0,
tt6238896,0,0,
tt6225520,0,0,
tt5360996,0,0,
tt6175820,0,0,
tt4411596,0,0,
tt4773438,0,0,
tt7075594,0,0,
tt7018010,0,0,
tt7588160,0,0,
tt4129428,0,0,
tt7046826,0,0,
tt7180392,0,0,
tt7345928,0,0,
tt6413410,0,0,
tt3308358,0,0,
tt7019820,0,0,
tt7057496,0,0,
tt5764096,0,0,
tt0113577,0,0,
tt8119752,0,0,
tt6721358,0,0,
tt7022404,0,0,
tt6485776,0,0,
tt7967580,0,0,
tt4823538,0,0,
tt7711342,0,0,
tt7105944,0,0,
tt6237966,0,0,
tt7129926,0,0,
tt4538916,0,0,
tt7146054,0,0,
tt6272828,0,0,
tt6572702,0,0,
tt6046212,0,0,
tt5954284,0,0,
tt7548114,0,0,
tt6907804,0,0,
tt6843812,0,0,
tt0833949,0,0,
tt6712014,0,0,
tt6697582,0,0,
tt7642818,0,0,
tt8092252,0,0,
tt2378507,0,0,
tt6857276,0,0,
tt7218518,0,0,
tt1536537,0,0,
tt7490280,0,0,
tt5882970,0,0,
tt6021478,0,0,
tt7645502,0,0,
tt0055552,0,0,
tt6317962,0,0,
tt0285583,0,0,
tt7160176,0,0,
tt7243686,0,0,
tt6772874,0,0,
tt6078840,0,0,
tt6336356,0,0,
tt1806913,0,0,
tt5866930,0,0,
tt6298600,0,0,
tt5805470,0,0,
tt7066382,0,0,
tt7232860,0,0,
tt6967980,0,0,
tt6493286,0,0,
tt4131800,0,0,
tt0351764,0,0,
tt7185492,0,0,
tt6471264,0,0,
tt5816682,0,0,
tt5935704,0,0,
tt8081062,0,0,
tt6157626,0,0,
tt6878038,0,0,
tt6513406,0,0,
tt7160070,0,0,
tt6108090,0,0,
tt0076570,0,0,
tt7431894,0,0,
tt6170484,0,0,
tt0118172,12,0,
tt0170705,154790,0,
tt0165078,11791,0,
tt0185125,8272296,0,
tt0293270,1000,0,
tt0294289,344,0,
tt0322824,250050,0,
tt0330602,4361898,0,
tt0390336,550,0,
tt0293007,3684600,0,
tt0323013,483719,0,
tt0361322,500,0,
tt0475420,204956,0,
tt0795458,400,0,
tt0813391,200,0,
tt0416887,2,0,
tt0387055,1601792,0,
tt0368774,74050,0,
tt0428287,6,0,
tt0479042,2,0,
tt0070518,4638783,0,
tt0477095,8,0,
tt0443448,24,0,
tt0859760,4002313,0,
tt0845448,5,0,
tt0800003,12,0,
tt0807758,441892,0,
tt0497972,5,0,
tt1324078,24625,0,
tt1337051,1089360,0,
tt1037228,98,0,
tt1379222,3906840,0,
tt1934234,6453637,0,
tt3218580,3673315,0,
tt4881242,1050255,0,
tt3865478,2023012,0,
tt4895910,240,0,
tt5060502,360,0,
tt5086104,18,0,
tt4519312,107953,0,
tt4374460,1379375,0,
tt4397346,90,0,
tt4430136,1,0,
tt2556114,6229577,0,
tt2690138,447524,0,
tt3616916,5904067,0,
tt3864024,2480421,0,
tt4471636,500,0,
tt3841424,5070773,0,
tt3700456,12796917,0,
tt4176826,3196621,0,
tt2441982,25868826,0,
tt5457772,7503564,0,
tt4211312,2494400,0,
tt0037638,30,0,
tt3598108,1,0,
tt0256422,20,0,
tt5832544,113053950,0,
tt5028822,800,0,
tt5851692,7,0,
tt5211044,1,0,
tt3458760,1,0,
tt4466490,1488410,0,
tt2675914,4161012,0,
tt5466576,1230920,0,
tt5158522,1282545,0,
tt5120640,100,0,
tt1977755,8,0,
tt3955894,1150118,0,
tt5595240,60,0,
tt4814290,5069632,0,
tt5802944,2469509,0,
tt5221584,762241,0,
tt5197544,527784,0,
tt3296908,32679734,0,
tt0108238,30,0,
tt2392830,8138338,0,
tt5161058,707503,0,
tt3405236,9645980,0,
tt5282006,12823507,0,
tt4829436,1140901,0,
tt3716530,9804690,0,
tt5910350,3912363,0,
tt5091538,12156348,0,
tt4731148,6277106,0,
tt5736696,32,0,
tt1920885,4531653,0,
tt0053291,2883848,0,
tt7956754,308410,0,
tt5537686,600,0,
tt7953386,120035,0,
tt6304046,5741614,0,
tt7076834,147983,0,
tt6793180,2,0,
tt8000314,1328686,0,
tt6392102,1,0,
tt1034385,9831962,0,
tt3127022,3582070,0,
tt7187860,8166084,0,
tt6316138,4172781,0,